Product Name,Product Link,Rating,Reviews,MRP,Pack Size,Discount,Key Ingredients,Category,Tokens
Tea Tree Facewash for acne & pimples,https://mamaearth.in/product/teatreefacewash,4.8,For baby skin that constantly flaked and dry this is a lifesaver. Love it.,Rs.249.00, 100ml,NA,['Neem ' 'Aloe Vera ' 'Tea Tree Oil '],['Face Wash'],['tea' 'tree' 'facewash' 'acne' 'pimple']
Anti Hair Fall Kit for complete hair care,https://mamaearth.in/product/antihairfallkit,4.8,With changing weather I tend to get itchy and dry scalp with leads to dandruff. Mamaearth happy heads shampoo is great for controlling it.,Rs.1199.00,NA,(25% off),['Bhringraj Oil ' 'Biotin ' 'All hair type  The kit is suitable for all hair type'],['Hair Kit'],['anti' 'hair' 'fall' 'kit' 'complete' 'hair' 'care']
Argan Hair Mask with Argan Avocado Oil and Milk Protein for Frizzfree & Stronger Hair â€“,https://mamaearth.in/product/arganhairmask,4.8,It is the best charcoal face mask i have ever used. The best product by far for acne and dry skin. It really helped my skinnto glow naturally,Rs.599.00, 200ml,NA,['Argan Oil '],['Hair Oil'],['argan' 'hair' 'mask' 'argan' 'avocado' 'oil' 'milk' 'protein' 'frizz' 'free' 'strong' 'hair']
Ubtan Bamboo Sheet Mask with Turmeric & Saffron for Skin Brightening ,https://mamaearth.in/product/ubtanbamboosheetmaskwithturmericsaffronforskinbrightening25g,5,Very good product with good customer service,Rs.149.00, 25 g,NA,['Turmeric'],['NA'],['ubtan' 'bamboo' 'sheet' 'mask' 'turmeric' 'saffron' 'skin' 'brightening']
Niacinamide Bamboo Sheet Mask with Niacinamide & Ginger Extract for Clear & Glowing Skin ,https://mamaearth.in/product/niacinamidebamboosheetmaskwithniacinamidegingerextractforclearglowingskin25g,5,Firstly I would like to say that I like all the Coco products ...I do my waxing also chocolate waxing..I often get dead skin on my face and black heads...I try using this Coco scrub and it is amazing it cleans my face very well ...it is not Harsh on my face skin cleans v well and gives good effect,Rs.149.00, 25 g,NA,['Niacinamide'],['NA'],['niacinamide' 'bamboo' 'sheet' 'mask' 'niacinamide' 'ginger' 'extract' 'clear' 'glowing' 'skin']
Onion Shampoo and Onion Hair Serum Combo,https://mamaearth.in/product/onionshampooonionhairserum,NA,NA,Rs.634.00,NA,(2% off),['Red Onion '],['Hair Shampoo'],['onion' 'shampoo' 'onion' 'hair' 'serum' 'combo']
Onion Shampoo and Oil Combo,https://mamaearth.in/product/onionshampoooilcombo,NA,NA,Rs.924.00,NA,(3% off),['Onion Seed Oil'],['NA'],['onion' 'shampoo' 'oil' 'combo']
Onion Shampoo for Hair Growth & Hair Fall Control (250 ml)  Pac,https://mamaearth.in/product/onionshampooforhairgrowthhairfallcontrol250mlpackof2,5,Just love this. awesome product .awesome smell light quick absorb one of my favorite. will be purchase again and again..,Rs.679.00,Pack Of 2,(3% off),['Onion Seed Oil'],['Hair Shampoo'],['onion' 'shampoo' 'hair' 'growth' 'hair' 'fall' 'control' '250' 'ml' 'pac']
Spotless Skin Combo: Ubtan Facewash  100ml and Bye Bye Blemishes Face Cream ,https://mamaearth.in/product/spotlessskincombo,NA,NA,Rs.679.00, 30ml,(3% off),['Walnut Beads ' 'Liquorice Extract ' 'Carrot Seed Oil ' 'Mulberry Extract ' 'Daisy Flower ' 'Geranium Oil ' 'All Skin Types They are suitable for all skin types.'],['Face Wash'],['spotless' 'skin' 'combo' 'ubtan' 'facewash' '100ml' 'bye' 'bye' 'blemishes' 'face' 'cream']
AntiAcne Kit,https://mamaearth.in/product/antiacnekit,5,this product is amazing  it reduced my hair fall and now my hair are improving a lot . i recommend all of you to use this amazing product .,Rs.849.00,NA,(26% off),['Apple Cider Vinegar' 'Niacinamide'],['NA'],['anti' 'acne' 'kit']
Onion Scalp Serum with Onion & Niacinamide for Healthy Hair Growth ,https://mamaearth.in/product/onionscalpserumwithonionniacinamideforhealthyhairgrowth50ml,5,Great product skin is supple soft and shining I would any day recommend this product to friends and family members,Rs.599.00,50ml,NA,['Red Onion'],['NA'],['onion' 'scalp' 'serum' 'onion' 'niacinamide' 'healthy' 'hair' 'growth']
Vitamin C Body Lotion with Vitamin C & Honey for Radiant Skin ,https://mamaearth.in/product/vitamincbodylotionwithvitaminchoneyforradiantskin400ml,5,It was good,Rs.399.00,400 ml,NA,['Vitamin C'],['Body Lotion'],['vitamin' 'c' 'body' 'lotion' 'vitamin' 'c' 'honey' 'radiant' 'skin']
Ubtan Body Lotion with Turmeric & Kokum Butter for Glowing Skin ,https://mamaearth.in/product/ubtanbodylotionwithturmerickokumbutterforglowingskin400ml,5,The perfect combo u could gift u. I have been using this for almost one month now and the darkness around my mouth is reduce and I can see visible difference under my eyes no more bags when I smile now,Rs.399.00,400 ml,NA,['Turmeric'],['Body Lotion'],['ubtan' 'body' 'lotion' 'turmeric' 'kokum' 'butter' 'glowing' 'skin']
Vitamin C Foaming Face Wash with Vitamin C & Turmeric,https://mamaearth.in/product/vitamincfoamingfacewashwithvitamincturmericforskinillumination150ml,5,Nice product,Rs.399.00, 150ml,NA,['Vitamin C'],['Face Wash'],['vitamin' 'c' 'foaming' 'face' 'wash' 'vitamin' 'c' 'turmeric' 'skin' 'illumination']
Vitamin C Face Wash with Vitamin C and Turmeric for Skin Illumination â€“,https://mamaearth.in/product/vitamincfacewashwithvitamincandturmericforskinillumination100ml,NA,NA,Rs.249.00, 100ml,NA,['Vitamin C '],['Face Wash'],['vitamin' 'c' 'face' 'wash' 'vitamin' 'c' 'turmeric' 'skin' 'illumination']
Vitamin C Face Cream with Vitamin C & SPF 20 for Skin Illumination,https://mamaearth.in/product/vitamincfacecreamwithvitamincspf20forskinillumination50g,NA,NA,Rs.599.00, 50g,NA,['Vitamin C '],['NA'],['vitamin' 'c' 'face' 'cream' 'vitamin' 'c' 'spf' '20' 'skin' 'illumination']
Vitamin C Face Mask With Vitamin C & Kaolin Clay for Skin Illumination ,https://mamaearth.in/product/vitamincfacemaskwithvitaminckaolinclayforskinillumination100g,NA,NA,Rs.499.00, 100 g,NA,['Vitamin C '],['Face Mask'],['vitamin' 'c' 'face' 'mask' 'vitamin' 'c' 'kaolin' 'clay' 'skin' 'illumination']
Vitamin C Sleeping Mask with Aloe Vera for Skin Illumination ,https://mamaearth.in/product/vitamincsleepingmaskwithaloeveraforskinillumination100g,NA,NA,Rs.599.00, 100 g,NA,['Vitamin C '],['NA'],['vitamin' 'c' 'sleep' 'mask' 'aloe' 'vera' 'skin' 'illumination']
Onion Hair Mask For Hair Fall Control With Onion Oil and Organic Bamboo Vinegar,https://mamaearth.in/product/tnonionhairmaskforhairfallcontrolwithonionoilorganicbamboovinegar200ml,4.8,The skin plump serum for glowing skin is a boon for my skin. Makes my skin feel smooth and over time I have started noticing that my skinâ€™s texture has become so good.,Rs.599.00, 200ml,NA,[],['Hair Oil'],['onion' 'hair' 'mask' 'hair' 'fall' 'control' 'onion' 'oil' 'organic' 'bamboo' 'vinegar']
Hairfall Control Kit,https://mamaearth.in/product/tnhairfallcontrolkit,NA,NA,Rs.999.00,NA,(28% off),['à®†à®©à®¿à®¯à®©à¯ à®šà¯€à®Ÿà¯ à®†à®¯à®¿à®²à¯ ' 'à®†à®©à®¿à®¯à®©à¯ à®šà¯€à®Ÿà¯ à®†à®¯à®¿à®²à¯ ' 'à®†à®©à®¿à®¯à®©à¯ à®šà¯€à®Ÿà¯ à®†à®¯à®¿à®²à¯ '],['Hair Kit'],['hairfall' 'control' 'kit']
Argan Conditioner with Argan & Apple Cider Vinegar for FrizzFree and Stronger Hair ,https://mamaearth.in/product/arganconditionerwitharganapplecidervinegarforfrizzfreeandstrongerhair,4.9,It really worked after first use only. Thanks!! mamaearth,Rs.349.00, 250ml,NA,['Argan Oil '],['NA'],['argan' 'conditioner' 'argan' 'apple' 'cider' 'vinegar' 'frizz' 'free' 'strong' 'hair']
Onion Hair Serum and Onion Hair Oil Combo,https://mamaearth.in/product/onionhairserumonionhairoil,NA,NA,Rs.679.00,NA,(3% off),['Onion Seed Extract ' 'Onion Seed Oil '],['Hair Oil'],['onion' 'hair' 'serum' 'onion' 'hair' 'oil' 'combo']
Onion Hair Oil for Hair Regrowth & Hair Fall Control,https://mamaearth.in/product/onionhairoilforhairregrowthhairfallcontrolwithredensyl250ml,NA,NA,Rs.599.00, 250ml,NA,['Onion Seed Oil '],['Hair Oil'],['onion' 'hair' 'oil' 'hair' 'regrowth' 'hair' 'fall' 'control']
Ubtan Face Scrub with Turmeric & Walnut for Tan Removal ,https://mamaearth.in/product/ubtanscrubforfacewithturmericwalnutfortanremoval100g,NA,NA,Rs.349.00, 100g,NA,['Turmeric '],['NA'],['ubtan' 'face' 'scrub' 'turmeric' 'walnut' 'tan' 'removal']
Vitamin C Face Toner with Vitamin C & Cucumber for Pore Tightening ,https://mamaearth.in/product/vitamincfacetonerwithvitaminccucumberforporetightening200ml,NA,NA,Rs.399.00,200 ml,NA,['Vitamin C '],['NA'],['vitamin' 'c' 'face' 'toner' 'vitamin' 'c' 'cucumber' 'pore' 'tightening']
Aloe Vera Gel with Pure Aloe Vera & Vitamin E for Skin and Hair ,https://mamaearth.in/product/aloeveragelforfacewithpurealoeveravitamineforskinandhair300ml,NA,NA,Rs.399.00, 300ml,NA,['Aloe Vera ' 'For Skin ' 'For Hair '],['Body Kit'],['aloe' 'vera' 'gel' 'pure' 'aloe' 'vera' 'vitamin' 'e' 'skin' 'hair']
Onion Hair Serum with Onion & Biotin for Strong FrizzFree Hair ,https://mamaearth.in/product/onionhairserumwithonionbiotinforstrongfrizzfreehair100ml,NA,NA,Rs.299.00,100 ml,NA,['Onion Seed Extract '],['NA'],['onion' 'hair' 'serum' 'onion' 'biotin' 'strong' 'frizz' 'free' 'hair']
Skin Correct Face Serum with Niacinamide and Ginger Extract for Acne Marks & Scars â€“,https://mamaearth.in/product/skincorrectfaceserumwithniacinamideandgingerextractforacnemarksscars30ml,NA,NA,Rs.599.00, 30 ml,NA,['Niacinamide '],['Face Cream'],['skin' 'correct' 'face' 'serum' 'niacinamide' 'ginger' 'extract' 'acne' 'marks' 'scars']
Skin Illuminate Face Serum for Radiant Skin with Vitamin C & Turmeric â€“,https://mamaearth.in/product/skinilluminatefaceserumforradiantskinwithvitamincturmeric30gm,NA,NA,Rs.599.00, 30 gm,NA,['Vitamin C '],['Face Cream'],['skin' 'illuminate' 'face' 'serum' 'radiant' 'skin' 'vitamin' 'c' 'turmeric']
Bye Bye Dark Circles Eye Cream with Cucumber & Peptides for Dark Circles ,https://mamaearth.in/product/byebyedarkcircleseyecreamwithcucumberpeptidesfordarkcircles20ml,NA,NA,Rs.399.00,20ml,NA,['Cucumber Extract ' 'Daisy Flower Extract ' 'Peptides ' 'Hawkweed Extract '],['NA'],['bye' 'bye' 'dark' 'circles' 'eye' 'cream' 'cucumber' 'peptides' 'dark' 'circles']
Onion Shampoo for Hair Growth and Hair Fall Control with Onion Oil and Plant Keratin,https://mamaearth.in/product/onionshampooforhairgrowthandhairfallcontrolwithonionoilandplantkeratin400ml,5,I have seen a change in my skin..it's glowing and clean..use it twice or thrice a day whenever I get time to wash my face. Started using it on my hair too..will definitely post how it's working,Rs.559.00, 400ml,NA,['Onion Seed Oil '],['Hair Oil' 'Hair Shampoo'],['onion' 'shampoo' 'hair' 'growth' 'hair' 'fall' 'control' 'onion' 'oil' 'plant' 'keratin']
Onion Conditioner for Hair Growth and Hair Fall Control with Onion and Coconut,https://mamaearth.in/product/onionconditionerforhairgrowthandhairfallcontrolwithonionandcoconut400ml,NA,NA,Rs.559.00, 400ml,NA,['Onion Seed Oil ' 'Coconut ' 'Men & women of all ages.'],['NA'],['onion' 'conditioner' 'hair' 'growth' 'hair' 'fall' 'control' 'onion' 'coconut']
Tea Tree Shampoo for Dandruff Free Hair ,https://mamaearth.in/product/teatreeshampoofordandrufffreehair250ml,4.5,Very gentle fragrance. good product for little ones,Rs.349.00, 250ml,NA,['Tea Tree Oil ' 'Ginger Oil '],['Hair Shampoo'],['tea' 'tree' 'shampoo' 'dandruff' 'free' 'hair']
Onion Shampoo for Hair Growth and Hair Fall Control with Onion Oil and Plant Keratin ,https://mamaearth.in/product/mamaearthonionshampooforhairgrowthhairfallcontrolwithonionoilplantkeratin250ml,5,Awesome product â¤ï¸,Rs.349.00,250 ml,NA,['Onion Seed Oil '],['Hair Oil' 'Hair Shampoo'],['onion' 'shampoo' 'hair' 'growth' 'hair' 'fall' 'control' 'onion' 'oil' 'plant' 'keratin']
Onion Hair Mask For Hair Fall Control With Onion Oil and Organic Bamboo Vinegar,https://mamaearth.in/product/onionhairmaskforhairfallcontrolwithonionoilorganicbamboovinegar200ml,5,This toothpaste is really awesome. My daughter just loves using it. Best part is that it is made with 100% natural ingredients and toxin free. Overall very good product,Rs.599.00, 200ml,NA,['Onion Oil '],['Hair Oil'],['onion' 'hair' 'mask' 'hair' 'fall' 'control' 'onion' 'oil' 'organic' 'bamboo' 'vinegar']
Tea Tree Conditioner with Tea Tree & Ginger Oil for Dandruff Free Hair,https://mamaearth.in/product/mamaearthteatreeconditionerwithteatreegingeroilfordandrufffreehair250ml,5,Mamaearth berry blast toothpaste...a big thumbs up...my son like it's taste ..it is made up of 100% natural ingredients and free from fluoride .as it is made up of natural ingredients and no harmful chemicals it safe if kid swallow it..it's a good toothpaste for kids...highly recommended,Rs.349.00, 250ml,NA,['Tea Tree Oil '],['Hair Oil'],['tea' 'tree' 'conditioner' 'tea' 'tree' 'ginger' 'oil' 'dandruff' 'free' 'hair']
Bye Bye Blemishes Face Cream for Reducing Pigmentation & Blemishes with Mulberry Extract & Vitamin C ,https://mamaearth.in/product/byebyeblemishesfacecreamforpigmentationblemishremovalwithmulberryextractvitaminc30ml,NA,NA,Rs.449.00,30ml,NA,['Vitamin C ' 'Daisy Flower Extract ' 'Licorice Extract ' 'Mulberry Extract '],['NA'],['bye' 'bye' 'blemishes' 'face' 'cream' 'reduce' 'pigmentation' 'blemishes' 'mulberry' 'extract' 'vitamin' 'c']
Hair Regrowth Combo : Onion Shampoo and Onion Conditioner,https://mamaearth.in/product/hairregrowthcomboonionshampooonionconditioner,5,Berry flavoured blast that the kids just love! And the best part is that its perfectly fine if they swallow it too! Made with 100% safe ingredients this should be the toothpaste you should introduce your kids to!,Rs.679.00, 250ml,(3% off),['Onion Seed Oil '],['Hair Shampoo'],['hair' 'regrowth' 'combo' 'onion' 'shampoo' 'onion' 'conditioner']
OilFree Face Moisturizer for AcneProne Skin,https://mamaearth.in/product/oilfreefacemoisturizerwithapplecidervinegarforacneproneskin,5,I m writing this review after few useges and I m absolutely in love with it ..it made my my hair look so volumeness and long which is not often in normal circumstances.frizzyness will be further reduced after few usages.so you need to be patient in that.it is a very safe products for you hair and scalp and you must own it..,Rs.299.00, 80ml,NA,['Apple Cider Vinegar ' 'Cetearyl Octanoate ' 'Betaine ' 'Fatty Acids '],['NA'],['oil' 'free' 'face' 'moisturizer' 'acne' 'prone' 'skin']
Ultra Light Indian Sunscreen with Carrot Seed Turmeric & SPF 50 PA+++ ,https://mamaearth.in/product/mamaearthsultralightindiansunscreen,5,I love this roll on and It's a mist have for all moms. This helps in easy breathings especially when kids get troubled while they sleep. It's safe so I recommend to all. Easy to use and a wonderful product.,Rs.499.00, 80ml,NA,['Carrot Seed Oil '],['NA'],['ultra' 'light' 'indian' 'sunscreen' 'carrot' 'seed' 'turmeric' 'spf' '50' 'pa+++']
Skin Lightening & Brightening Combo : Ubtan Facemask and Ubtan Facewash,https://mamaearth.in/product/mamaearthcombosskinlighteningandbrighteningcombo,NA,NA,Rs.724.00, 100ml,(3% off),['Saffron ' 'Turmeric ' 'Tanned Skin The combo helps in removing tan from upper layer of skin.' 'All Skin Types They are suitable for all skin types.' 'Men and WomenThe combo is suitable for both men and women.'],['Face Wash' 'Face Mask'],['skin' 'lightening' 'brightening' 'combo' 'ubtan' 'facemask' 'ubtan' 'facewash']
Ubtan Face Mask with Saffron & Turmeric for Skin Brightening and Tan Removal ,https://mamaearth.in/product/ubtanfacemaskforskinlighteningbrightening,NA,NA,Rs.499.00, 100g,NA,['Saffron '],['Face Mask'],['ubtan' 'face' 'mask' 'saffron' 'turmeric' 'skin' 'brightening' 'tan' 'removal']
Ubtan Face Wash for Tan Removal,https://mamaearth.in/product/ubtanfacewash,5,I am using the all of products of mamaearth...lotion is verry good moisturizer and its smel so nyc...I m using this product my new born baby and also my 10 yrs old boy...too good,Rs.249.00, 100ml,NA,['Turmeric ' 'Walnut Beads ' 'Licorice Extract ' 'Carrot Oil '],['Face Wash'],['ubtan' 'face' 'wash' 'tan' 'removal']
Tea Tree Facewash for acne & pimples,https://mamaearth.in/product/teatreefacewash,4.8,For baby skin that constantly flaked and dry this is a lifesaver. Love it.,Rs.249.00, 100ml,NA,['Neem ' 'Aloe Vera ' 'Tea Tree Oil '],['Face Wash'],['tea' 'tree' 'facewash' 'acne' 'pimple']
Anti Hair Fall Kit for complete hair care,https://mamaearth.in/product/antihairfallkit,4.8,With changing weather I tend to get itchy and dry scalp with leads to dandruff. Mamaearth happy heads shampoo is great for controlling it.,Rs.1199.00,NA,(25% off),['Bhringraj Oil ' 'Biotin ' 'All hair type  The kit is suitable for all hair type'],['Hair Kit'],['anti' 'hair' 'fall' 'kit' 'complete' 'hair' 'care']
Argan Hair Mask with Argan Avocado Oil and Milk Protein for Frizzfree & Stronger Hair â€“,https://mamaearth.in/product/arganhairmask,4.8,It is the best charcoal face mask i have ever used. The best product by far for acne and dry skin. It really helped my skinnto glow naturally,Rs.599.00, 200ml,NA,['Argan Oil '],['Hair Oil'],['argan' 'hair' 'mask' 'argan' 'avocado' 'oil' 'milk' 'protein' 'frizz' 'free' 'strong' 'hair']
Ubtan Bamboo Sheet Mask with Turmeric & Saffron for Skin Brightening ,https://mamaearth.in/product/ubtanbamboosheetmaskwithturmericsaffronforskinbrightening25g,5,Very good product with good customer service,Rs.149.00, 25 g,NA,['Turmeric'],['NA'],['ubtan' 'bamboo' 'sheet' 'mask' 'turmeric' 'saffron' 'skin' 'brightening']
Niacinamide Bamboo Sheet Mask with Niacinamide & Ginger Extract for Clear & Glowing Skin ,https://mamaearth.in/product/niacinamidebamboosheetmaskwithniacinamidegingerextractforclearglowingskin25g,5,Firstly I would like to say that I like all the Coco products ...I do my waxing also chocolate waxing..I often get dead skin on my face and black heads...I try using this Coco scrub and it is amazing it cleans my face very well ...it is not Harsh on my face skin cleans v well and gives good effect,Rs.149.00, 25 g,NA,['Niacinamide'],['NA'],['niacinamide' 'bamboo' 'sheet' 'mask' 'niacinamide' 'ginger' 'extract' 'clear' 'glowing' 'skin']
Onion Shampoo and Onion Hair Serum Combo,https://mamaearth.in/product/onionshampooonionhairserum,NA,NA,Rs.634.00,NA,(2% off),['Red Onion '],['Hair Shampoo'],['onion' 'shampoo' 'onion' 'hair' 'serum' 'combo']
Onion Shampoo and Oil Combo,https://mamaearth.in/product/onionshampoooilcombo,NA,NA,Rs.924.00,NA,(3% off),['Onion Seed Oil'],['NA'],['onion' 'shampoo' 'oil' 'combo']
Onion Shampoo for Hair Growth & Hair Fall Control (250 ml)  Pac,https://mamaearth.in/product/onionshampooforhairgrowthhairfallcontrol250mlpackof2,5,Just love this. awesome product .awesome smell light quick absorb one of my favorite. will be purchase again and again..,Rs.679.00,Pack Of 2,(3% off),['Onion Seed Oil'],['Hair Shampoo'],['onion' 'shampoo' 'hair' 'growth' 'hair' 'fall' 'control' '250' 'ml' 'pac']
Spotless Skin Combo: Ubtan Facewash  100ml and Bye Bye Blemishes Face Cream ,https://mamaearth.in/product/spotlessskincombo,NA,NA,Rs.679.00, 30ml,(3% off),['Walnut Beads ' 'Liquorice Extract ' 'Carrot Seed Oil ' 'Mulberry Extract ' 'Daisy Flower ' 'Geranium Oil ' 'All Skin Types They are suitable for all skin types.'],['Face Wash'],['spotless' 'skin' 'combo' 'ubtan' 'facewash' '100ml' 'bye' 'bye' 'blemishes' 'face' 'cream']
AntiAcne Kit,https://mamaearth.in/product/antiacnekit,5,this product is amazing  it reduced my hair fall and now my hair are improving a lot . i recommend all of you to use this amazing product .,Rs.849.00,NA,(26% off),['Apple Cider Vinegar' 'Niacinamide'],['NA'],['anti' 'acne' 'kit']
Onion Scalp Serum with Onion & Niacinamide for Healthy Hair Growth ,https://mamaearth.in/product/onionscalpserumwithonionniacinamideforhealthyhairgrowth50ml,5,Great product skin is supple soft and shining I would any day recommend this product to friends and family members,Rs.599.00,50ml,NA,['Red Onion'],['NA'],['onion' 'scalp' 'serum' 'onion' 'niacinamide' 'healthy' 'hair' 'growth']
Vitamin C Body Lotion with Vitamin C & Honey for Radiant Skin ,https://mamaearth.in/product/vitamincbodylotionwithvitaminchoneyforradiantskin400ml,5,It was good,Rs.399.00,400 ml,NA,['Vitamin C'],['Body Lotion'],['vitamin' 'c' 'body' 'lotion' 'vitamin' 'c' 'honey' 'radiant' 'skin']
Ubtan Body Lotion with Turmeric & Kokum Butter for Glowing Skin ,https://mamaearth.in/product/ubtanbodylotionwithturmerickokumbutterforglowingskin400ml,5,The perfect combo u could gift u. I have been using this for almost one month now and the darkness around my mouth is reduce and I can see visible difference under my eyes no more bags when I smile now,Rs.399.00,400 ml,NA,['Turmeric'],['Body Lotion'],['ubtan' 'body' 'lotion' 'turmeric' 'kokum' 'butter' 'glowing' 'skin']
Vitamin C Foaming Face Wash with Vitamin C & Turmeric for Skin Illumination â€“,https://mamaearth.in/product/vitamincfoamingfacewashwithvitamincturmericforskinillumination150ml,5,Nice product,Rs.399.00, 150ml,NA,['Vitamin C'],['Face Wash'],['vitamin' 'c' 'foaming' 'face' 'wash' 'vitamin' 'c' 'turmeric' 'skin' 'illumination']
Vitamin C Face Wash with Vitamin C and Turmeric for Skin Illumination â€“,https://mamaearth.in/product/vitamincfacewashwithvitamincandturmericforskinillumination100ml,NA,NA,Rs.249.00, 100ml,NA,['Vitamin C '],['Face Wash'],['vitamin' 'c' 'face' 'wash' 'vitamin' 'c' 'turmeric' 'skin' 'illumination']
Vitamin C Face Cream with Vitamin C & SPF 20 for Skin Illumination,https://mamaearth.in/product/vitamincfacecreamwithvitamincspf20forskinillumination50g,NA,NA,Rs.599.00, 50g,NA,['Vitamin C '],['NA'],['vitamin' 'c' 'face' 'cream' 'vitamin' 'c' 'spf' '20' 'skin' 'illumination']
Vitamin C Face Mask With Vitamin C & Kaolin Clay for Skin Illumination ,https://mamaearth.in/product/vitamincfacemaskwithvitaminckaolinclayforskinillumination100g,NA,NA,Rs.499.00, 100 g,NA,['Vitamin C '],['Face Mask'],['vitamin' 'c' 'face' 'mask' 'vitamin' 'c' 'kaolin' 'clay' 'skin' 'illumination']
Vitamin C Sleeping Mask with Aloe Vera for Skin Illumination ,https://mamaearth.in/product/vitamincsleepingmaskwithaloeveraforskinillumination100g,NA,NA,Rs.599.00, 100 g,NA,['Vitamin C '],['NA'],['vitamin' 'c' 'sleep' 'mask' 'aloe' 'vera' 'skin' 'illumination']
Onion Hair Mask For Hair Fall Control With Onion Oil and Organic Bamboo Vinegar,https://mamaearth.in/product/tnonionhairmaskforhairfallcontrolwithonionoilorganicbamboovinegar200ml,4.8,The skin plump serum for glowing skin is a boon for my skin. Makes my skin feel smooth and over time I have started noticing that my skinâ€™s texture has become so good.,Rs.599.00, 200ml,NA,[],['Hair Oil'],['onion' 'hair' 'mask' 'hair' 'fall' 'control' 'onion' 'oil' 'organic' 'bamboo' 'vinegar']
Hairfall Control Kit,https://mamaearth.in/product/tnhairfallcontrolkit,NA,NA,Rs.999.00,NA,(28% off),['à®†à®©à®¿à®¯à®©à¯ à®šà¯€à®Ÿà¯ à®†à®¯à®¿à®²à¯ ' 'à®†à®©à®¿à®¯à®©à¯ à®šà¯€à®Ÿà¯ à®†à®¯à®¿à®²à¯ ' 'à®†à®©à®¿à®¯à®©à¯ à®šà¯€à®Ÿà¯ à®†à®¯à®¿à®²à¯ '],['Hair Kit'],['hairfall' 'control' 'kit']
Argan Conditioner with Argan & Apple Cider Vinegar for FrizzFree and Stronger Hair ,https://mamaearth.in/product/arganconditionerwitharganapplecidervinegarforfrizzfreeandstrongerhair,4.9,It really worked after first use only. Thanks!! mamaearth,Rs.349.00, 250ml,NA,['Argan Oil '],['NA'],['argan' 'conditioner' 'argan' 'apple' 'cider' 'vinegar' 'frizz' 'free' 'strong' 'hair']
Onion Hair Serum and Onion Hair Oil Combo,https://mamaearth.in/product/onionhairserumonionhairoil,NA,NA,Rs.679.00,NA,(3% off),['Onion Seed Extract ' 'Onion Seed Oil '],['Hair Oil'],['onion' 'hair' 'serum' 'onion' 'hair' 'oil' 'combo']
Onion Hair Oil for Hair Regrowth & Hair Fall Control,https://mamaearth.in/product/onionhairoilforhairregrowthhairfallcontrolwithredensyl250ml,NA,NA,Rs.599.00, 250ml,NA,['Onion Seed Oil '],['Hair Oil'],['onion' 'hair' 'oil' 'hair' 'regrowth' 'hair' 'fall' 'control']
Ubtan Face Scrub with Turmeric & Walnut for Tan Removal ,https://mamaearth.in/product/ubtanscrubforfacewithturmericwalnutfortanremoval100g,NA,NA,Rs.349.00, 100g,NA,['Turmeric '],['NA'],['ubtan' 'face' 'scrub' 'turmeric' 'walnut' 'tan' 'removal']
Vitamin C Face Toner with Vitamin C & Cucumber for Pore Tightening ,https://mamaearth.in/product/vitamincfacetonerwithvitaminccucumberforporetightening200ml,NA,NA,Rs.399.00,200 ml,NA,['Vitamin C '],['NA'],['vitamin' 'c' 'face' 'toner' 'vitamin' 'c' 'cucumber' 'pore' 'tightening']
Aloe Vera Gel with Pure Aloe Vera & Vitamin E for Skin and Hair ,https://mamaearth.in/product/aloeveragelforfacewithpurealoeveravitamineforskinandhair300ml,NA,NA,Rs.399.00, 300ml,NA,['Aloe Vera ' 'For Skin ' 'For Hair '],['Body Kit'],['aloe' 'vera' 'gel' 'pure' 'aloe' 'vera' 'vitamin' 'e' 'skin' 'hair']
Onion Hair Serum with Onion & Biotin for Strong FrizzFree Hair ,https://mamaearth.in/product/onionhairserumwithonionbiotinforstrongfrizzfreehair100ml,NA,NA,Rs.299.00,100 ml,NA,['Onion Seed Extract '],['NA'],['onion' 'hair' 'serum' 'onion' 'biotin' 'strong' 'frizz' 'free' 'hair']
Skin Correct Face Serum with Niacinamide and Ginger Extract for Acne Marks & Scars â€“,https://mamaearth.in/product/skincorrectfaceserumwithniacinamideandgingerextractforacnemarksscars30ml,NA,NA,Rs.599.00, 30 ml,NA,['Niacinamide '],['Face Cream'],['skin' 'correct' 'face' 'serum' 'niacinamide' 'ginger' 'extract' 'acne' 'marks' 'scars']
Skin Illuminate Face Serum for Radiant Skin with Vitamin C & Turmeric â€“,https://mamaearth.in/product/skinilluminatefaceserumforradiantskinwithvitamincturmeric30gm,NA,NA,Rs.599.00, 30 gm,NA,['Vitamin C '],['Face Cream'],['skin' 'illuminate' 'face' 'serum' 'radiant' 'skin' 'vitamin' 'c' 'turmeric']
Bye Bye Dark Circles Eye Cream with Cucumber & Peptides for Dark Circles ,https://mamaearth.in/product/byebyedarkcircleseyecreamwithcucumberpeptidesfordarkcircles20ml,NA,NA,Rs.399.00,20ml,NA,['Cucumber Extract ' 'Daisy Flower Extract ' 'Peptides ' 'Hawkweed Extract '],['NA'],['bye' 'bye' 'dark' 'circles' 'eye' 'cream' 'cucumber' 'peptides' 'dark' 'circles']
Onion Shampoo for Hair Growth and Hair Fall Control with Onion Oil and Plant Keratin,https://mamaearth.in/product/onionshampooforhairgrowthandhairfallcontrolwithonionoilandplantkeratin400ml,5,I have seen a change in my skin..it's glowing and clean..use it twice or thrice a day whenever I get time to wash my face. Started using it on my hair too..will definitely post how it's working,Rs.559.00, 400ml,NA,['Onion Seed Oil '],['Hair Oil' 'Hair Shampoo'],['onion' 'shampoo' 'hair' 'growth' 'hair' 'fall' 'control' 'onion' 'oil' 'plant' 'keratin']
Onion Conditioner for Hair Growth and Hair Fall Control with Onion and Coconut,https://mamaearth.in/product/onionconditionerforhairgrowthandhairfallcontrolwithonionandcoconut400ml,NA,NA,Rs.559.00, 400ml,NA,['Onion Seed Oil ' 'Coconut ' 'Men & women of all ages.'],['NA'],['onion' 'conditioner' 'hair' 'growth' 'hair' 'fall' 'control' 'onion' 'coconut']
Tea Tree Shampoo for Dandruff Free Hair ,https://mamaearth.in/product/teatreeshampoofordandrufffreehair250ml,4.5,Very gentle fragrance. good product for little ones,Rs.349.00, 250ml,NA,['Tea Tree Oil ' 'Ginger Oil '],['Hair Shampoo'],['tea' 'tree' 'shampoo' 'dandruff' 'free' 'hair']
Onion Shampoo for Hair Growth and Hair Fall Control with Onion Oil and Plant Keratin ,https://mamaearth.in/product/mamaearthonionshampooforhairgrowthhairfallcontrolwithonionoilplantkeratin250ml,5,Awesome product â¤ï¸,Rs.349.00,250 ml,NA,['Onion Seed Oil '],['Hair Oil' 'Hair Shampoo'],['onion' 'shampoo' 'hair' 'growth' 'hair' 'fall' 'control' 'onion' 'oil' 'plant' 'keratin']
Onion Hair Mask For Hair Fall Control With Onion Oil and Organic Bamboo Vinegar,https://mamaearth.in/product/onionhairmaskforhairfallcontrolwithonionoilorganicbamboovinegar200ml,5,This toothpaste is really awesome. My daughter just loves using it. Best part is that it is made with 100% natural ingredients and toxin free. Overall very good product,Rs.599.00, 200ml,NA,['Onion Oil '],['Hair Oil'],['onion' 'hair' 'mask' 'hair' 'fall' 'control' 'onion' 'oil' 'organic' 'bamboo' 'vinegar']
Tea Tree Conditioner with Tea Tree & Ginger Oil for Dandruff Free Hair,https://mamaearth.in/product/mamaearthteatreeconditionerwithteatreegingeroilfordandrufffreehair250ml,5,Mamaearth berry blast toothpaste...a big thumbs up...my son like it's taste ..it is made up of 100% natural ingredients and free from fluoride .as it is made up of natural ingredients and no harmful chemicals it safe if kid swallow it..it's a good toothpaste for kids...highly recommended,Rs.349.00, 250ml,NA,['Tea Tree Oil '],['Hair Oil'],['tea' 'tree' 'conditioner' 'tea' 'tree' 'ginger' 'oil' 'dandruff' 'free' 'hair']
Bye Bye Blemishes Face Cream for Reducing Pigmentation & Blemishes with Mulberry Extract & Vitamin C ,https://mamaearth.in/product/byebyeblemishesfacecreamforpigmentationblemishremovalwithmulberryextractvitaminc30ml,NA,NA,Rs.449.00,30ml,NA,['Vitamin C ' 'Daisy Flower Extract ' 'Licorice Extract ' 'Mulberry Extract '],['NA'],['bye' 'bye' 'blemishes' 'face' 'cream' 'reduce' 'pigmentation' 'blemishes' 'mulberry' 'extract' 'vitamin' 'c']
Hair Regrowth Combo : Onion Shampoo and Onion Conditioner,https://mamaearth.in/product/hairregrowthcomboonionshampooonionconditioner,5,Berry flavoured blast that the kids just love! And the best part is that its perfectly fine if they swallow it too! Made with 100% safe ingredients this should be the toothpaste you should introduce your kids to!,Rs.679.00, 250ml,(3% off),['Onion Seed Oil '],['Hair Shampoo'],['hair' 'regrowth' 'combo' 'onion' 'shampoo' 'onion' 'conditioner']
OilFree Face Moisturizer for AcneProne Skin,https://mamaearth.in/product/oilfreefacemoisturizerwithapplecidervinegarforacneproneskin,5,I m writing this review after few useges and I m absolutely in love with it ..it made my my hair look so volumeness and long which is not often in normal circumstances.frizzyness will be further reduced after few usages.so you need to be patient in that.it is a very safe products for you hair and scalp and you must own it..,Rs.299.00, 80ml,NA,['Apple Cider Vinegar ' 'Cetearyl Octanoate ' 'Betaine ' 'Fatty Acids '],['NA'],['oil' 'free' 'face' 'moisturizer' 'acne' 'prone' 'skin']
Ultra Light Indian Sunscreen with Carrot Seed Turmeric & SPF 50 PA+++ ,https://mamaearth.in/product/mamaearthsultralightindiansunscreen,5,I love this roll on and It's a mist have for all moms. This helps in easy breathings especially when kids get troubled while they sleep. It's safe so I recommend to all. Easy to use and a wonderful product.,Rs.499.00, 80ml,NA,['Carrot Seed Oil '],['NA'],['ultra' 'light' 'indian' 'sunscreen' 'carrot' 'seed' 'turmeric' 'spf' '50' 'pa+++']
Skin Lightening & Brightening Combo : Ubtan Facemask and Ubtan Facewash,https://mamaearth.in/product/mamaearthcombosskinlighteningandbrighteningcombo,NA,NA,Rs.724.00, 100ml,(3% off),['Saffron ' 'Turmeric ' 'Tanned Skin The combo helps in removing tan from upper layer of skin.' 'All Skin Types They are suitable for all skin types.' 'Men and WomenThe combo is suitable for both men and women.'],['Face Wash' 'Face Mask'],['skin' 'lightening' 'brightening' 'combo' 'ubtan' 'facemask' 'ubtan' 'facewash']
Ubtan Face Mask with Saffron & Turmeric for Skin Brightening and Tan Removal ,https://mamaearth.in/product/ubtanfacemaskforskinlighteningbrightening,NA,NA,Rs.499.00, 100g,NA,['Saffron '],['Face Mask'],['ubtan' 'face' 'mask' 'saffron' 'turmeric' 'skin' 'brightening' 'tan' 'removal']
Ubtan Face Wash for Tan Removal,https://mamaearth.in/product/ubtanfacewash,5,I am using the all of products of mamaearth...lotion is verry good moisturizer and its smel so nyc...I m using this product my new born baby and also my 10 yrs old boy...too good,Rs.249.00, 100ml,NA,['Turmeric ' 'Walnut Beads ' 'Licorice Extract ' 'Carrot Oil '],['Face Wash'],['ubtan' 'face' 'wash' 'tan' 'removal']
Tea Tree Facewash for acne & pimples,https://mamaearth.in/product/teatreefacewash,4.8,For baby skin that constantly flaked and dry this is a lifesaver. Love it.,Rs.249.00, 100ml,NA,['Neem ' 'Aloe Vera ' 'Tea Tree Oil '],['Face Wash'],['tea' 'tree' 'facewash' 'acne' 'pimple']
Anti Hair Fall Kit for complete hair care,https://mamaearth.in/product/antihairfallkit,4.8,With changing weather I tend to get itchy and dry scalp with leads to dandruff. Mamaearth happy heads shampoo is great for controlling it.,Rs.1199.00,NA,(25% off),['Bhringraj Oil ' 'Biotin ' 'All hair type  The kit is suitable for all hair type'],['Hair Kit'],['anti' 'hair' 'fall' 'kit' 'complete' 'hair' 'care']
Argan Hair Mask with Argan Avocado Oil and Milk Protein for Frizzfree & Stronger Hair â€“,https://mamaearth.in/product/arganhairmask,4.8,It is the best charcoal face mask i have ever used. The best product by far for acne and dry skin. It really helped my skinnto glow naturally,Rs.599.00, 200ml,NA,['Argan Oil '],['Hair Oil'],['argan' 'hair' 'mask' 'argan' 'avocado' 'oil' 'milk' 'protein' 'frizz' 'free' 'strong' 'hair']
Apple Cider Vinegar Foaming Face Wash with Apple Cider Vinegar & Aloe Vera Water for Deep Cleansing â€“,https://mamaearth.in/product/applecidervinegarfoamingfacewashwithapplecidervinegaraloeverawaterfordeepcleansing150ml,5,This is a best nourishing soap for my baby skin when I use it. I recommend to all to use it,Rs.399.00, 150ml,NA,['Apple Cider Vinegar' 'Aloe Vera Water' 'Cucumber' 'Neem'],['Face Wash'],['apple' 'cider' 'vinegar' 'foaming' 'face' 'wash' 'apple' 'cider' 'vinegar' 'aloe' 'vera' 'water' 'deep' 'cleansing']
Ubtan Foaming Face Wash with Turmeric & Saffron for Tan Removal â€“,https://mamaearth.in/product/ubtanfoamingfacewashwithturmericsaffronfortanremoval150ml,5,For oily skin I have had difficulty finding a mask that suits my skin. Most masks leave my skin feeling oilier than before. But not Hyaluronic bamboo sheet mask as it draws out excess oil and makes my skin feel cleansed and fresh.,Rs.399.00, 150ml,NA,['Turmeric' 'Saffron' 'Neem Oil' 'Aloe Vera'],['Face Wash'],['ubtan' 'foam' 'face' 'wash' 'turmeric' 'saffron' 'tan' 'removal']
Tea Tree Body Wash With Tea Tree & Neem For Skin Purification Pac,https://mamaearth.in/product/teatreebodywashwithteatreeneemforskinpurificationpackof2,5,I like all product. Very good quality and customer service,Rs.598.00,Pack Of 2,NA,['Tea Tree' 'Neem' 'Oat Amino Acids' 'Glycerin'],['Body Wash'],['tea' 'tree' 'body' 'wash' 'tea' 'tree' 'neem' 'skin' 'purification' 'pac']
Charcoal Body Wash With Charcoal & Mint for Deep Cleansing Pac,https://mamaearth.in/product/charcoalbodywashwithcharcoalmintfordeepcleansingpackof2,NA,NA,Rs.598.00,Pack Of 2,NA,['Charcoal' 'Peppermint' 'Oat Amino Acids' 'Glycerin'],['NA'],['charcoal' 'body' 'wash' 'charcoal' 'mint' 'deep' 'cleansing' 'pac']
CoCo Body Wash With Coffee & Cocoa For Skin Awakening ,https://mamaearth.in/product/cocobodywashwithcoffeecocoaforskinawakeningpack2,5,I like this product,Rs.598.00,Pack 2,NA,['Coffee' 'Cocoa' 'Oat Amino Acids' 'Glycerin'],['Body Wash'],['coco' 'body' 'wash' 'coffee' 'cocoa' 'skin' 'awakening']
Vitamin C Body Wash with Vitamin C & Honey for Skin Illumination  Pac,https://mamaearth.in/product/vitamincbodywashforwomenmencombo,5,It's really good...Must buy,Rs.598.00,Pack Of 2,NA,['Vitamin C' 'Honey' 'Oat Amino Acids' 'Glycerin'],['Body Wash'],['vitamin' 'c' 'body' 'wash' 'vitamin' 'c' 'honey' 'skin' 'illumination' 'pac']
Vitamin C Face Scrub for Glowing Skin With Vitamin C and Walnut For Skin Illumination â€“,https://mamaearth.in/product/vitamincfacescrubforglowingskinwithvitamincandwalnutforskinillumination100g,NA,NA,Rs.349.00, 100 g,NA,['Vitamin C' 'Walnut Shell Powder' 'Saffron' 'Turmeric Root Oil'],['NA'],['vitamin' 'c' 'face' 'scrub' 'glowing' 'skin' 'vitamin' 'c' 'walnut' 'skin' 'illumination']
Rice Water Shampoo With Rice Water and Keratin For Damage Repair â€“,https://mamaearth.in/product/ricewatershampoowithricewaterandkeratinfordamagerepair250ml,5,Best vitamin c face wash for sensitive skin. It is very light and gentle. It does not leave skin dry and after wash my skin looks bright!,Rs.349.00, 250ml,NA,['Fermented Rice Water' 'Keratin' 'Wheat Protein'],['NA'],['rice' 'water' 'shampoo' 'rice' 'water' 'keratin' 'damage' 'repair']
Rice Hair Oil with Rice Bran & Coconut Oil For Damage Repair â€“,https://mamaearth.in/product/ricehairoilwithricebrancoconutoilfordamagerepair150ml,5,V useful combo .both products gives good effect on skin ...I had hyper pigmentation and bye bye blemishes cream worked well fr me . It's hydrating n gives moisturising effect. Clearing my black spots .ubtan face wash also cleans the blackness on face . Overall I m happy with the results,Rs.399.00, 150ml,NA,[],['Hair Oil'],['rice' 'hair' 'oil' 'rice' 'bran' 'coconut' 'oil' 'damage' 'repair']
Rice Water Conditioner with Rice Water & Keratin for Damaged Dry and Frizzy Hair  ,https://mamaearth.in/product/ricewaterconditionerwithricewaterkeratinfordamageddryandfrizzyhair250ml,5,My favorite facewash has to be Mamaearth tea tree face scrub. It is so nice for my skin. Very refreshing and smells great too.,Rs.349.00,250 ml,NA,['Fermented Rice Water' 'Keratin' 'Coconut Oil'],['NA'],['rice' 'water' 'conditioner' 'rice' 'water' 'keratin' 'damaged' 'dry' 'frizzy' 'hair']
Tea Tree Body Wash With Tea Tree & Neem For Skin Purification ,https://mamaearth.in/product/teatreebodywashwithteatreeneemforskinpurification300ml,NA,NA,Rs.299.00,300 ml,NA,['Tea Tree'],['Body Wash'],['tea' 'tree' 'body' 'wash' 'tea' 'tree' 'neem' 'skin' 'purification']
Ubtan Body Wash With Turmeric & Saffron for Glowing Skin ,https://mamaearth.in/product/ubtanbodywashwithturmericsaffronforglowingskin300ml,5,I love it my family loves it and my friends love it! It helped grow my hair and also controlled hair fall to a great extent!,Rs.299.00,300 ml,NA,['Turmeric'],['Body Wash'],['ubtan' 'body' 'wash' 'turmeric' 'saffron' 'glowing' 'skin']
CoCo Body Wash With Coffee & Cocoa For Skin Awakening ,https://mamaearth.in/product/cocobodywashwithcoffeecocoaforskinawakening300ml,5,Absolutely in love with this amazing face mask with pure ubtan. Now no more acne on my face and tan is also gone! Highly recommend!,Rs.299.00,300 ml,NA,['Coffee' 'Cocoa'],['Body Wash'],['coco' 'body' 'wash' 'coffee' 'cocoa' 'skin' 'awakening']
Charcoal Body Wash With Charcoal & Mint for Deep Cleansing ,https://mamaearth.in/product/charcoalbodywashwithcharcoalmintfordeepcleansing300ml,NA,NA,Rs.299.00,300 ml,NA,['Charcoal'],['NA'],['charcoal' 'body' 'wash' 'charcoal' 'mint' 'deep' 'cleansing']
Vitamin C Body Wash with Vitamin C & Honey for Skin Illumination ,https://mamaearth.in/product/vitamincbodywashwithvitaminchoneyforskinillumination300ml,5,à®‡à®¤à¯ à®’à®°à¯ à®¨à®²à¯à®² à®¤à®¯à®¾à®°à®¿à®ªà¯à®ªà¯ à®¨à®¾à®™à¯à®•à®³à¯ à®…à®¤à¯ˆ à®šà¯†à®¯à¯à®¤à¯à®³à¯à®³à¯‹à®®à¯ à®…à®¤à¯ˆà®ªà¯ à®ªà®¯à®©à¯à®ªà®Ÿà¯à®¤à¯à®¤ à®®à¯à®¯à®±à¯à®šà®¿à®•à¯à®•à®µà¯à®®à¯.,Rs.299.00, 300ml,NA,['Vitamin C'],['Body Wash'],['vitamin' 'c' 'body' 'wash' 'vitamin' 'c' 'honey' 'skin' 'illumination']
Retinol Night Cream For Women with Retinol & Bakuchi for Anti Aging Fine Lines and Wrinkles ,https://mamaearth.in/product/retinolnightcreamforwomenwithretinolbakuchiforantiagingfinelinesandwrinkles50g,5,Very very good Product....I love it...very good quality,Rs.699.00,50 g,NA,['Retinol'],['NA'],['retinol' 'night' 'cream' 'women' 'retinol' 'bakuchi' 'anti' 'aging' 'fine' 'lines' 'wrinkles']
Retinol Face Wash with Retinol & Bakuchi for Fine Lines and Wrinkles ,https://mamaearth.in/product/retinolfacewashwithretinolbakuchiforfinelinesandwrinkles100ml,4.8,Okayish product. To be very honest it's not moisturizing at all especially for dry skin people. But the ingredients are quite impressive.,Rs.299.00,100 ml,NA,['Retinol'],['Face Wash'],['retinol' 'face' 'wash' 'retinol' 'bakuchi' 'fine' 'lines' 'wrinkles']
Niacin Face Toner with Niacinamide & Witch Hazel for Acne and Open Pores  ,https://mamaearth.in/product/niacintonerforfacewithniacinamidewithhazelforacneandopenpores200ml,5,Wow what an amazing product! Smells awesome. It is very light and so spreads and absorbs within the skin easily. It keeps your skin moisturized through out the day. The pump system is an added plus point. Also the bottle shape is cute. I love that it has olive oil in it which helps keep the skin supple.,Rs.399.00,200 ml,NA,['Niacinamide'],['NA'],['niacin' 'face' 'toner' 'niacinamide' 'witch' 'hazel' 'acne' 'open' 'pores']
Tea Tree Foaming Face Wash with Tea Tree & Salicylic Acid for Acne & Pimples â€“,https://mamaearth.in/product/teatreefoamingfacewashwithteatreesalicylicacidforacnepimples150ml,5,This toothpaste are best and favourite toothpaste of my son...its made of natural ingredients and safe for kids teeth ..my son is very happy because toothpaste flavour are fruits ..he is brushing twice a day regularly.. thank you mamaearth,Rs.399.00, 150ml,NA,['Tea Tree'],['Face Wash'],['tea' 'tree' 'foaming' 'face' 'wash' 'tea' 'tree' 'salicylic' 'acid' 'acne' 'pimples']
Tea Tree Face Serum,https://mamaearth.in/product/teatreefaceserum,4.9,Mamaearth vitaminC foaming facewash is an amazing product. It makes my skin so clear and soft. Love it. MUST TRY!,Rs.599.00,NA,NA,['Tea Tree Oil'],['Face Cream'],['tea' 'tree' 'face' 'serum']
Retinol Face Serum,https://mamaearth.in/product/mamaearthretinolfaceserum,5,Nice product and amazing results,Rs.799.00,NA,NA,['Retinol'],['Face Cream'],['retinol' 'face' 'serum']
Complete Skin Glow Kit,https://mamaearth.in/product/completeskinglowkit,5,Superb Product... Must buy!,Rs.999.00,NA,(23% off),['Cucumber Extract'],['Body Kit'],['complete' 'skin' 'glow' 'kit']
Coco Intense Skin Awakening Kit,https://mamaearth.in/product/cocointenseskinawakeningkit,5,When it doubt get this vitamin c hand cream as it has shea butter which is very moisturizing and vitamin c protects from sun burn. It also helps kill germs which is a huge plus!,Rs.849.00,NA,(23% off),[],['Body Kit'],['coco' 'intense' 'skin' 'awakening' 'kit']
Vitamin C Radiance Combo,https://mamaearth.in/product/vitamincradiancecombo,NA,The best product I have ever used...specially the Onion oil ...makes my hair so soft nd smooth...I recommend this hair fall kit to everyone who have been suffer from intense hair fall...so yeah!!go for it.,Rs.824.00,NA,(3% off),['Vitamin C'],['NA'],['vitamin' 'c' 'radiance' 'combo']
Vitamin C Clear Skin Combo  ,https://mamaearth.in/product/vitamincclearskincombo200ml,NA,The quality of the Shampoo is very decent. you actually get a frizzfree liquid in the bottle. and conditioner does impact your hair positively.,Rs.724.00,200 ml,(3% off),['Vitamin C'],['Body Kit'],['vitamin' 'c' 'clear' 'skin' 'combo']
Vitamin C Skincare Regimen Kit,https://mamaearth.in/product/vitamincskincareregimenkit,5,This mask is really amazing.i just love it to the hecks.my hairs look super shinymanageablefrizz free. Earlier i could not open my hair after washing them because they looked like a nest ...but i am writing this review after using it for more than a month..and i am seriously loving it,Rs.949.00,NA,(24% off),['Vitamin C'],['Body Kit'],['vitamin' 'c' 'skincare' 'regimen' 'kit']
Vitamin C No Make Up Combo,https://mamaearth.in/product/vitamincnomakeupcombo,5,Maine itna acha products kabhi nhi use kia jis mai just natural ingredients ho bhut bhut bhut acha product hai bilkul natural without any camical. Love you #mamaearth,Rs.648.00,NA,NA,['Vitamin C'],['NA'],['vitamin' 'c' 'combo']
Vitamin C Overnight Skin Glow Kit,https://mamaearth.in/product/vitamincovernightskinglowkit,5,Shampoo is very good after a 1st wash my hair was soft and smooth,Rs.949.00,NA,(24% off),['Vitamin C'],['Body Kit'],['vitamin' 'c' 'overnight' 'skin' 'glow' 'kit']
Vitamin C Glowing Skin Combo,https://mamaearth.in/product/vitamincglowingskincombo,5,brightens skin  highly recommended... lovely and helpful products mama earth....,Rs.634.00,NA,(2% off),['Vitamin C'],['Body Kit'],['vitamin' 'c' 'glow' 'skin' 'combo']
Tea Tree Hair Oil with Tea Tree & Ginger Oil for Dandruff Free Hair â€“,https://mamaearth.in/product/teatreehairoilwithteatreegingeroilfordandrufffreehair250ml,5,Gud product....Highly recommended,Rs.499.00, 250ml,NA,[],['Hair Oil'],['tea' 'tree' 'hair' 'oil' 'tea' 'tree' 'ginger' 'oil' 'dandruff' 'free' 'hair']
Argan Hair Oil with Argan Oil & Avocado Oil for FrizzFree & Stronger Hair ,https://mamaearth.in/product/arganhairoilwitharganoilavocadooilforfrizzfreestrongerhair250ml,4.9,Nice conditioner...I ordered it for wife for dull hair ..now they become shiny some what good,Rs.599.00,250 ml,NA,['Argan Oil'],['Hair Oil'],['argan' 'hair' 'oil' 'argan' 'oil' 'avocado' 'oil' 'frizz' 'free' 'strong' 'hair']
Ubtan Night Face Mask with Turmeric & Niacinamide for Glowing Skin â€“,https://mamaearth.in/product/ubtannightfacemaskwithturmericniacinamideforglowingskin100g,NA,NA,Rs.599.00, 100 g,NA,['Turmeric'],['Face Mask'],['ubtan' 'night' 'face' 'mask' 'turmeric' 'niacinamide' 'glowing' 'skin']
Essential AntiHair Fall Kit,https://mamaearth.in/product/essentialantihairfallkit,NA,NA,Rs.1299.00,NA,(23% off),['Onion'],['Hair Kit'],['essential' 'anti' 'hair' 'fall' 'kit']
AntiPollution Kit,https://mamaearth.in/product/antipollutionkit,NA,NA,Rs.999.00,NA,(26% off),['Coffee'],['NA'],['anti' 'pollution' 'kit']
Wedding Glow Skin Rejuvenation Kit,https://mamaearth.in/product/weddingglowskinrejuvenationkit,5,Loved the product and service,Rs.1349.00,NA,(25% off),['Turmeric'],['Body Kit'],['wedding' 'glow' 'skin' 'rejuvenation' 'kit']
Hyaluronic Bamboo Sheet Mask with Rosehip Oil for Soft & Plump Skin ,https://mamaearth.in/product/hyaluronicbamboosheetmaskwithrosehipoilforsoftplumpskin25g,5,Have always used only this powder on my baby as it has only natural ingredients and baby safe. Its amazing,Rs.149.00, 25 g,NA,['Hyaluronic Acid'],['NA'],['hyaluronic' 'bamboo' 'sheet' 'mask' 'rosehip' 'oil' 'soft' 'plump' 'skin']
Retinol Bamboo Sheet Mask with Retinol & Bakuchi for Fine Lines & Wrinkles ,https://mamaearth.in/product/retinolbamboosheetmaskwithretinolbakuchiforfinelineswrinkles25g,5,Nice kit,Rs.149.00, 25 g,NA,['Retinol' 'Retinol' '' ''],['NA'],['retinol' 'bamboo' 'sheet' 'mask' 'retinol' 'bakuchi' 'fine' 'lines' 'wrinkles']
CoCo Bamboo Sheet Mask with Coffee & Cocoa for Skin Awakening ,https://mamaearth.in/product/cocobamboosheetmaskwithcoffeecocoaforskinawakening25g,5,Excellent product.,Rs.149.00, 25 g,NA,['Coffee' 'Coffee' '' ''],['NA'],['coco' 'bamboo' 'sheet' 'mask' 'coffee' 'cocoa' 'skin' 'awakening']
Ubtan Bamboo Sheet Mask with Turmeric & Saffron for Skin Brightening ,https://mamaearth.in/product/ubtanbamboosheetmaskwithturmericsaffronforskinbrightening25g,5,Very good product with good customer service,Rs.149.00, 25 g,NA,['Turmeric'],['NA'],['ubtan' 'bamboo' 'sheet' 'mask' 'turmeric' 'saffron' 'skin' 'brightening']
Rice Water Bamboo Sheet Mask with Rice Water & Coconut Milk for Deep Hydration ,https://mamaearth.in/product/ricewaterbamboosheetmaskwithricewatercoconutmilkfordeephydration25g,5,I really love this product vitamin c is really important and it's the best face cream i found till now. It's chemical free what u want more. Thank u soo much mamaearth for opening all the products thank u!!!,Rs.149.00, 25 g,NA,['Rice Water' 'Coconut Milk' 'Argan Oil'],['NA'],['rice' 'water' 'bamboo' 'sheet' 'mask' 'rice' 'water' 'coconut' 'milk' 'deep' 'hydration']
Rose Water Bamboo Sheet Mask with Rose Water & Milk for Glowing Skin ,https://mamaearth.in/product/rosewaterbamboosheetmaskwithrosewatermilkforglowingskin25g,4.9,good...must try,Rs.149.00, 25 g,NA,['Rose Water'],['NA'],['rose' 'water' 'bamboo' 'sheet' 'mask' 'rose' 'water' 'milk' 'glow' 'skin']
Niacinamide Bamboo Sheet Mask with Niacinamide & Ginger Extract for Clear & Glowing Skin ,https://mamaearth.in/product/niacinamidebamboosheetmaskwithniacinamidegingerextractforclearglowingskin25g,5,Firstly I would like to say that I like all the Coco products ...I do my waxing also chocolate waxing..I often get dead skin on my face and black heads...I try using this Coco scrub and it is amazing it cleans my face very well ...it is not Harsh on my face skin cleans v well and gives good effect,Rs.149.00, 25 g,NA,['Niacinamide'],['NA'],['niacinamide' 'bamboo' 'sheet' 'mask' 'niacinamide' 'ginger' 'extract' 'clear' 'glowing' 'skin']
Charcoal Facial Regimen Kit,https://mamaearth.in/product/charcoalfacialregimenkit,4.8,Nice product... really helped tighten my skin... n made it tan free n vibrant... gave amazing results... loved it... gonna buy it again,Rs.899.00,NA,(25% off),['Activated Charcoal ' 'Coffee ' 'Walnut '],['NA'],['charcoal' 'facial' 'regimen' 'kit']
Charcoal Face Wash & Scrub Combo,https://mamaearth.in/product/charcoalfacewashscrubcombo,NA,NA,Rs.584.00,NA,(2% off),['Activated Charcoal ' 'Coffee ' 'Walnut '],['Face Wash'],['charcoal' 'face' 'wash' 'scrub' 'combo']
CoCo Face Wash with Coffee & Cocoa for Skin Awakening Pac,https://mamaearth.in/product/cocofacewashwithcoffeecocoaforskinawakeningpackof2,NA,NA,Rs.489.00,Pack Of 2,(2% off),['Coffee '],['Face Wash'],['coco' 'face' 'wash' 'coffee' 'cocoa' 'skin' 'awakening' 'pac']
Onion Shampoo and Onion Hair Serum Combo,https://mamaearth.in/product/onionshampooonionhairserum,NA,NA,Rs.634.00,NA,(2% off),['Red Onion '],['Hair Shampoo'],['onion' 'shampoo' 'onion' 'hair' 'serum' 'combo']
Hair Fall Reduction Combo,https://mamaearth.in/product/hairfallreductioncombo,5,Iam using ubtan face mask really its nice product and giveing good result tnq mama earth,Rs.1249.00,NA,(4% off),['Onion Seed Oil'],['NA'],['hair' 'fall' 'reduction' 'combo']
Onion Shampoo and Oil Combo,https://mamaearth.in/product/onionshampoooilcombo,NA,NA,Rs.924.00,NA,(3% off),['Onion Seed Oil'],['NA'],['onion' 'shampoo' 'oil' 'combo']
Onion Shampoo for Hair Growth & Hair Fall Control (250 ml)  Pac,https://mamaearth.in/product/onionshampooforhairgrowthhairfallcontrol250mlpackof2,5,Just love this. awesome product .awesome smell light quick absorb one of my favorite. will be purchase again and again..,Rs.679.00,Pack Of 2,(3% off),['Onion Seed Oil'],['Hair Shampoo'],['onion' 'shampoo' 'hair' 'growth' 'hair' 'fall' 'control' '250' 'ml' 'pac']
Vitamin C Face Wash with Vitamin C and Turmeric for Skin Illumination â€“,https://mamaearth.in/product/vitamincfacewashwithvitamincandturmericforskinillumination250ml,NA,NA,Rs.399.00, 250ml,NA,['Vitamin C'],['Face Wash'],['vitamin' 'c' 'face' 'wash' 'vitamin' 'c' 'turmeric' 'skin' 'illumination']
Spotless Skin Combo: Ubtan Facewash  100ml and Bye Bye Blemishes Face Cream ,https://mamaearth.in/product/spotlessskincombo,NA,NA,Rs.679.00, 30ml,(3% off),['Walnut Beads ' 'Liquorice Extract ' 'Carrot Seed Oil ' 'Mulberry Extract ' 'Daisy Flower ' 'Geranium Oil ' 'All Skin Types They are suitable for all skin types.'],['Face Wash'],['spotless' 'skin' 'combo' 'ubtan' 'facewash' '100ml' 'bye' 'bye' 'blemishes' 'face' 'cream']
Hairfall Control Kit,https://mamaearth.in/product/hihairfallcontrolkit,4.9,It's really amazing..... Keeps baby's skin soft and clean,Rs.949.00,NA,NA,[],['Hair Kit'],['hairfall' 'control' 'kit']
Skin Illuminate Face Serum for Radiant Skin with Vitamin C & Turmeric â€“,https://mamaearth.in/product/hiskinilluminatefaceserumforradiantskinwithvitamincturmeric30gm,4.8,Mamaeearth soothing massage oil loaded with the goodness of almond rnd sesame oil. Great combination. Provides nourishment nd helps in hair growth. Loving it.,Rs.599.00, 30 gm,NA,[],['Face Cream'],['skin' 'illuminate' 'face' 'serum' 'radiant' 'skin' 'vitamin' 'c' 'turmeric']
Onion Hair Oil for Hair Regrowth and Hair Fall Control with Redensyl,https://mamaearth.in/product/hionionhairoilforhairregrowthhairfallcontrolwithredensyl150ml,NA,NA,Rs.399.00, 150ml,NA,[],['Hair Oil'],['onion' 'hair' 'oil' 'hair' 'regrowth' 'hair' 'fall' 'control' 'redensyl']
Ubtan Face Mask with Saffron & Turmeric for Skin Brightening and Tan Removal ,https://mamaearth.in/product/hiubtanfacemaskforskinlighteningbrightening,5,This combo is too good.I was having dandruff issue but I am using this combo from last 1 month now there is no dandruff & my hairs are shining & smooth. The fragrance of coconut is too good in conditioner.It is looking like it is made from herbal products.I recommend it to use it once to see the outcome,Rs.499.00, 100g,NA,['à¤•à¥‡à¤¸à¤° '],['Face Mask'],['ubtan' 'face' 'mask' 'saffron' 'turmeric' 'skin' 'brightening' 'tan' 'removal']
Onion Hair Oil for Hair Regrowth & Hair Fall Control,https://mamaearth.in/product/tnonionhairoilforhairregrowthhairfallcontrolwithredensyl250ml,5,The onion hair oil is a musthave for anyone facing hair fall issues. The onion hair mask acts like a strawberry on dark chocolate cake providing deep nourishment to scalp and hair ends. I have personally experienced a reduction in hair fall.,Rs.599.00, 250ml,NA,[],['Hair Oil'],['onion' 'hair' 'oil' 'hair' 'regrowth' 'hair' 'fall' 'control']
Onion Hair Oil for Hair Regrowth and Hair Fall Control with Redensyl,https://mamaearth.in/product/tnonionhairoilforhairregrowthhairfallcontrolwithredensyl150ml,5,Mamaearth onion hair oil and serum aee amazing. Thankyou for such an amazing product. It has really helped me fight my hairfall problem. Love it,Rs.399.00, 150ml,NA,['à®µà¯†à®™à¯à®•à®¾à®¯ à®µà®¿à®¤à¯ˆ à®Žà®£à¯à®£à¯†à®¯à¯ '],['Hair Oil'],['onion' 'hair' 'oil' 'hair' 'regrowth' 'hair' 'fall' 'control' 'redensyl']
AntiAcne Kit,https://mamaearth.in/product/antiacnekit,5,this product is amazing  it reduced my hair fall and now my hair are improving a lot . i recommend all of you to use this amazing product .,Rs.849.00,NA,(26% off),['Apple Cider Vinegar' 'Niacinamide'],['NA'],['anti' 'acne' 'kit']
Onion Scalp Serum with Onion & Niacinamide for Healthy Hair Growth ,https://mamaearth.in/product/onionscalpserumwithonionniacinamideforhealthyhairgrowth50ml,5,Great product skin is supple soft and shining I would any day recommend this product to friends and family members,Rs.599.00,50ml,NA,['Red Onion'],['NA'],['onion' 'scalp' 'serum' 'onion' 'niacinamide' 'healthy' 'hair' 'growth']
Vitamin C Body Lotion with Vitamin C & Honey for Radiant Skin ,https://mamaearth.in/product/vitamincbodylotionwithvitaminchoneyforradiantskin400ml,5,It was good,Rs.399.00,400 ml,NA,['Vitamin C'],['Body Lotion'],['vitamin' 'c' 'body' 'lotion' 'vitamin' 'c' 'honey' 'radiant' 'skin']
Ubtan Body Lotion with Turmeric & Kokum Butter for Glowing Skin ,https://mamaearth.in/product/ubtanbodylotionwithturmerickokumbutterforglowingskin400ml,5,The perfect combo u could gift u. I have been using this for almost one month now and the darkness around my mouth is reduce and I can see visible difference under my eyes no more bags when I smile now,Rs.399.00,400 ml,NA,['Turmeric'],['Body Lotion'],['ubtan' 'body' 'lotion' 'turmeric' 'kokum' 'butter' 'glowing' 'skin']
CoCo Body Lotion With Coffee and Cocoa for Intense Moisturization ,https://mamaearth.in/product/cocobodylotionwithcoffeeandcocoaforintensemoisturization400ml,5,Mamaearth every product are awesome â¤ï¸â¤ï¸,Rs.399.00, 400ml,NA,['Coffee'],['NA'],['coco' 'body' 'lotion' 'coffee' 'cocoa' 'intense' 'moisturization']
Rose Body Lotion with Rose Water and Milk For Deep Hydration ,https://mamaearth.in/product/rosebodylotionwithrosewaterandmilkfordeephydration400ml,5,I used bye bye blemish cream to my dull skin for 2 week ...its really really really good ..it improve my skin tone I have black patches around my mouth its also reduced day by day ..thanks mamaearth,Rs.399.00, 400ml,NA,['Rose Water'],['NA'],['rose' 'body' 'lotion' 'rose' 'water' 'milk' 'deep' 'hydration']
Vitamin C Foaming Face Wash with Vitamin C & Turmeric for Skin Illumination â€“,https://mamaearth.in/product/vitamincfoamingfacewashwithvitamincturmericforskinillumination150ml,5,Nice product,Rs.399.00, 150ml,NA,['Vitamin C'],['Face Wash'],['vitamin' 'c' 'foaming' 'face' 'wash' 'vitamin' 'c' 'turmeric' 'skin' 'illumination']
Rose Face Toner with Witch Hazel & Rose Water for Pore Tightening ,https://mamaearth.in/product/rosefacetonerwithwitchhazelrosewaterforporetightening200ml,5,this combo of face cream and shampoo is too good. the shampoo has tear free formula & cream txeature is very good. my babies has dry skin. works well.,Rs.399.00, 200ml,NA,['Rose Water '],['NA'],['rose' 'face' 'toner' 'witch' 'hazel' 'rose' 'water' 'pore' 'tightening']
Ubtan Hand Cream with Turmeric and Honey for Deep Moisturization,https://mamaearth.in/product/ubtanhandcreamwithturmericandhoneyfordeepmoisturization50g,5,After trying many shampoos & body washes for my babies I finally ended up using these & am a very glad mother. Now  my children also happily run for having a bath.,Rs.349.00, 50g,NA,['Turmeric '],['NA'],['ubtan' 'hand' 'cream' 'turmeric' 'honey' 'deep' 'moisturization']
Vitamin C Hand Cream with Vitamin C and Shea Butter for Intense Moisturization,https://mamaearth.in/product/vitaminchandcreamwithvitamincandsheabutterforintensemoisturization,5,these are very good and amazing products so good kids very happy to use these products.,Rs.349.00,NA,NA,['Vitamin C '],['NA'],['vitamin' 'c' 'hand' 'cream' 'vitamin' 'c' 'shea' 'butter' 'intense' 'moisturization']
CoCo Hand Cream with Coffee & Cocoa for Rich Moisturization,https://mamaearth.in/product/cocohandcreamwithcoffeecocoaforrichmoisturization50g,5,Nice products awesome quality,Rs.349.00, 50g,NA,['Cocoa '],['NA'],['coco' 'hand' 'cream' 'coffee' 'cocoa' 'rich' 'moisturization']
Micellar Water Foaming Makeup Remover with Rose Water & Glycolic Acid for Makeup Cleansing ,https://mamaearth.in/product/micellarwaterfoamingmakeupremoverwithrosewaterglycolicacidformakeupcleansing150ml,5,My kid loves the soft and cool feel of the body wash and face cream as evertyime I use it he starts to giggle. Mamaearth is always a good & safe choice for babies!,Rs.399.00,150 ml,NA,['Rose Water '],['NA'],['micellar' 'water' 'foaming' 'makeup' 'remover' 'rose' 'water' 'glycolic' 'acid' 'makeup' 'cleansing']
Vitamin C Face Milk with Vitamin C and Peach for Skin Illumination ,https://mamaearth.in/product/vitamincfacemilkwithvitamincandpeachforskinillumination100ml,5,,Rs.449.00,100 ml,NA,['Vitamin C '],['NA'],['vitamin' 'c' 'face' 'milk' 'vitamin' 'c' 'peach' 'skin' 'illumination']
Argan Shampoo and Conditioner Combo,https://mamaearth.in/product/arganshampooarganconditioner,5,It is Tearfree best suited for baby skin highly recommended..,Rs.679.00,NA,(3% off),['Argan Oil '],['NA'],['argan' 'shampoo' 'conditioner' 'combo']
Argan Hair Mask & Argan Shampoo,https://mamaearth.in/product/arganhairmaskarganshampoo,5,Bathroom wash,Rs.924.00,NA,(3% off),['Argan Oil '],['Hair Shampoo'],['argan' 'hair' 'mask' 'argan' 'shampoo']
Tan Removal Combo,https://mamaearth.in/product/ubtanfacescrububtanfacewash,5,I have no problems with this tearfree formula body wash for babies. My child is clean in minutes without any fuss and yes itâ€™s completely babysafe! Thanks Mamaearth!,Rs.589.00,NA,(2% off),['Turmeric '],['NA'],['tan' 'removal' 'combo']
BhringAmla Shampoo and Conditioner Combo,https://mamaearth.in/product/bhringamlashampooandconditionercombo,NA,NA,Rs.679.00,NA,(3% off),['Bhringraj '],['NA'],['bhringamla' 'shampoo' 'conditioner' 'combo']
Ubtan Body Scrub with Turmeric & Saffron for Tan Removal â€“,https://mamaearth.in/product/ubtanbodyscrubwithturmericsaffronfortanremoval200g,NA,NA,Rs.499.00, 200 g,NA,['Turmeric '],['NA'],['ubtan' 'body' 'scrub' 'turmeric' 'saffron' 'tan' 'removal']
Neem Body Scrub with Neem & Tulsi for Skin Purification â€“,https://mamaearth.in/product/neembodyscrubwithneemtulsiforskinpurification200g,NA,NA,Rs.499.00, 200 g,NA,['Neem '],['Body Kit'],['neem' 'body' 'scrub' 'neem' 'tulsi' 'skin' 'purification']
Hand Sanitizer with Lime & Neem for Killing Germs ,https://mamaearth.in/product/handsanitizerwithlimeneemforkillinggerms250ml,NA,NA,Rs.299.00,250 ml,NA,[],['NA'],['hand' 'sanitizer' 'lime' 'neem' 'killing' 'germs']
Vitamin C Night Regimen Combo,https://mamaearth.in/product/vitamincnightregimencombo,NA,Awesome product,Rs.1749.00,NA,(5% off),['Vitamin C '],['NA'],['vitamin' 'c' 'night' 'regimen' 'combo']
Vitamin C Day Regimen Combo,https://mamaearth.in/product/vitamincdayregimencombo,NA,This is amazing,Rs.1699.00,NA,(3% off),['Vitamin C '],['NA'],['vitamin' 'c' 'day' 'regimen' 'combo']
BhringAmla Conditioner with Bhringraj & Amla for Intense Hair Treatment â€“,https://mamaearth.in/product/bhringamlaconditionerwithbhringrajamlaforintensehairtreatment250ml,5,Started using this from last month and I have seen a change in my skin..it's glowing and clean..use it twice or thrice a day whenever I get time to wash my face,Rs.349.00, 250ml,NA,['Bhringraj '],['NA'],['bhringamla' 'conditioner' 'bhringraj' 'amla' 'intense' 'hair' 'treatment']
BhringAmla Shampoo with Bhringraj & Amla for Intense Hair Treatment ,https://mamaearth.in/product/bhringamlashampoowithbhringrajamlaforintensehairtreatment250ml,5,I just love it. It's packing it's content not to forget the essence of nature in all products one word AWESOME. Gifted it to my friend and she just loves it. Thanks you.,Rs.349.00,250 ml,NA,['Bhringraj '],['Hair Shampoo'],['bhringamla' 'shampoo' 'bhringraj' 'amla' 'intense' 'hair' 'treatment']
BhringAmla Hair Oil with Bhringraj & Amla for Intense Hair Treatment â€“,https://mamaearth.in/product/bhringamlahairoilwithbhringrajamlaforintensehairtreatment250ml,4.9,Good,Rs.499.00, 250ml,NA,['Bhringraj '],['Hair Oil'],['bhringamla' 'hair' 'oil' 'bhringraj' 'amla' 'intense' 'hair' 'treatment']
Tan Removal Regimen,https://mamaearth.in/product/tanremovalregimen,5,Simply amazed by the results... my acne n pimples have healed... skin feels lively n fresh... loved it,Rs.799.00,NA,(27% off),['Turmeric '],['NA'],['tan' 'removal' 'regimen']
BhringAmla Hair Mask with Bhringraj & Amla for Intense Hair Treatment â€“,https://mamaearth.in/product/bhringamlahairmaskwithbhringrajamlaforintensehairtreatment200g,5,It is an awesome product by Mamaearth.,Rs.599.00, 200 g,NA,['Bhringraj '],['NA'],['bhringamla' 'hair' 'mask' 'bhringraj' 'amla' 'intense' 'hair' 'treatment']
HydraGel Indian Sunscreen with Aloe Vera & Raspberry for Sun Protection ,https://mamaearth.in/product/hydragelindiansunscreenwithaloeveraraspberryforsunprotection50g,NA,NA,Rs.399.00, 50 g,NA,['Aloe Vera ' 'Raspberry '],['NA'],['hydragel' 'indian' 'sunscreen' 'aloe' 'vera' 'raspberry' 'sun' 'protection']
Vitamin C Face Wash with Vitamin C and Turmeric for Skin Illumination â€“,https://mamaearth.in/product/vitamincfacewashwithvitamincandturmericforskinillumination100ml,NA,NA,Rs.249.00, 100ml,NA,['Vitamin C '],['Face Wash'],['vitamin' 'c' 'face' 'wash' 'vitamin' 'c' 'turmeric' 'skin' 'illumination']
Vitamin C Face Cream with Vitamin C & SPF 20 for Skin Illumination,https://mamaearth.in/product/vitamincfacecreamwithvitamincspf20forskinillumination50g,NA,NA,Rs.599.00, 50g,NA,['Vitamin C '],['NA'],['vitamin' 'c' 'face' 'cream' 'vitamin' 'c' 'spf' '20' 'skin' 'illumination']
Vitamin C Face Mask With Vitamin C & Kaolin Clay for Skin Illumination ,https://mamaearth.in/product/vitamincfacemaskwithvitaminckaolinclayforskinillumination100g,NA,NA,Rs.499.00, 100 g,NA,['Vitamin C '],['Face Mask'],['vitamin' 'c' 'face' 'mask' 'vitamin' 'c' 'kaolin' 'clay' 'skin' 'illumination']
CoCo Face Wash with Coffee & Cocoa for Skin Awakening â€“,https://mamaearth.in/product/cocofacewashwithcoffeeandcocoaforskinawakening100ml,NA,NA,Rs.249.00, 100ml,NA,['Coffee '],['Face Wash'],['coco' 'face' 'wash' 'coffee' 'cocoa' 'skin' 'awakening']
CoCo Face Scrub with Coffee & Cocoa for Rich Exfoliation ,https://mamaearth.in/product/cocofacescrubwithcoffeecocoaforrichexfoliation100g,4.9,Vitamin C has become a celebrated ingredient in the skin care industry. My search for a perfect vitamin c serum for skin ended with skin illuminate serum. Just love it!,Rs.349.00, 100g,NA,['Coffee ' 'Cocoa '],['NA'],['coco' 'face' 'scrub' 'coffee' 'cocoa' 'rich' 'exfoliation']
CoCo Face Mask with Coffee & Cocoa for Skin Awakening ,https://mamaearth.in/product/cocofacemaskwithcoffeecocoaforskinawakening100g,5,Hands down the best under eye cream for dark circles. I love it and does not feel sticky or look oily. I make sure to use this dark circle treatment every day.,Rs.499.00,100g,NA,['Coffee '],['Face Mask'],['coco' 'face' 'mask' 'coffee' 'cocoa' 'skin' 'awakening']
Vitamin C Sleeping Mask with Aloe Vera for Skin Illumination ,https://mamaearth.in/product/vitamincsleepingmaskwithaloeveraforskinillumination100g,NA,NA,Rs.599.00, 100 g,NA,['Vitamin C '],['NA'],['vitamin' 'c' 'sleep' 'mask' 'aloe' 'vera' 'skin' 'illumination']
Ubtan Yogurt with Turmeric and Saffron for Deep Moisturization ,https://mamaearth.in/product/ubtanyogurtwithturmericandsaffronfordeepmoisturization200ml,NA,NA,Rs.499.00,200 ml,NA,['Turmeric '],['NA'],['ubtan' 'yogurt' 'turmeric' 'saffron' 'deep' 'moisturization']
CoCo Yogurt with Coffee and Cocoa for Rich Moisturization  ,https://mamaearth.in/product/cocoyogurtwithcoffeeandcocoaforrichmoisturization200ml,NA,NA,Rs.499.00,200 ml,NA,['Coffee '],['NA'],['coco' 'yogurt' 'coffee' 'cocoa' 'rich' 'moisturization']
Hair Fall Control Regime Combo: Onion Shampoo 250ml and Onion Hair Mask,https://mamaearth.in/product/tnonionmaskshampoocombo,5,I am actually amazed after seeÃ¬ng the results... its superb... made my hairs soft n smmoth n strong... really loved it.. it was worth the buy,Rs.924.00, 200ml,(3% off),[],['Hair Shampoo'],['hair' 'fall' 'control' 'regime' 'combo' 'onion' 'shampoo' '250ml' 'onion' 'hair' 'mask']
Hair Regrowth Combo : Onion Shampoo and Onion Conditioner,https://mamaearth.in/product/tnhairregrowthcomboonionshampooonionconditioner,4.8,Effective product.. It works,Rs.679.00, 250ml,(3% off),['à®†à®©à®¿à®¯à®©à¯ à®šà¯€à®Ÿà¯ à®†à®¯à®¿à®²à¯ ' 'à®ˆà®°à®®à®¾à®© à®¤à®²à¯ˆà®®à¯à®Ÿà®¿ à®®à®±à¯à®±à¯à®®à¯ à®‰à®šà¯à®šà®¨à¯à®¤à®²à¯ˆà®¯à®¿à®²à¯ à®µà®¿à®°à®²à¯ à®¨à¯à®©à®¿à®•à®³à®¿à®©à¯ à®µà®´à®¿à®¯à®¾à®• à®·à®¾à®®à¯à®ªà¯‚à®µà¯ˆ à®®à¯†à®¤à¯à®µà®¾à®• à®®à®šà®¾à®œà¯ à®šà¯†à®¯à¯à®¯à¯à®™à¯à®•à®³à¯.' 'à®µà¯†à®¤à¯à®µà¯†à®¤à¯à®ªà¯à®ªà®¾à®© à®…à®²à¯à®²à®¤à¯ à®šà®¾à®¤à®¾à®°à®£ à®¨à¯€à®°à®¿à®²à¯ à®¨à®©à¯à®•à¯ à®…à®²à®šà®µà¯à®®à¯.' 'à®•à®£à¯à®Ÿà®¿à®·à®©à®°à¯ˆ à®ªà¯‹à®¤à¯à®®à®¾à®© à®…à®³à®µà¯ à®Žà®Ÿà¯à®¤à¯à®¤à¯à®•à¯ à®•à¯Šà®³à¯à®³à¯à®™à¯à®•à®³à¯.' 'à®ˆà®°à®®à®¾à®© à®•à¯‚à®¨à¯à®¤à®²à®¿à®²à¯ à®‡à®¤à¯ˆà®ªà¯ à®ªà®¯à®©à¯à®ªà®Ÿà¯à®¤à¯à®¤à¯à®™à¯à®•à®³à¯' 'à®…à®©à¯ˆà®¤à¯à®¤à¯ à®µà®¯à®¤à®¿à®²à¯à®®à¯ à®‰à®³à¯à®³ à®†à®£à¯à®•à®³à¯ & à®ªà¯†à®£à¯à®•à®³à¯' 'à®‰à®²à®°à¯à®¨à¯à®¤ à®šà¯‡à®¤à®®à®Ÿà¯ˆà®¨à¯à®¤ à®µà®£à¯à®£à®®à¯‚à®Ÿà¯à®Ÿà®ªà¯à®ªà®Ÿà¯à®Ÿ à®®à®±à¯à®±à¯à®®à¯ à®µà¯‡à®¤à®¿à®¯à®¿à®¯à®²à¯ à®šà®¿à®•à®¿à®šà¯à®šà¯ˆ à®šà¯†à®¯à¯à®¤ à®®à¯à®Ÿà®¿à®•à®³à¯à®•à¯à®•à¯.'],['Hair Shampoo'],['hair' 'regrowth' 'combo' 'onion' 'shampoo' 'onion' 'conditioner']
Onion Shampoo for Hair Growth and Hair Fall Control with Onion Oil and Plant Keratin ,https://mamaearth.in/product/tnmamaearthonionshampooforhairgrowthhairfallcontrolwithonionoilplantkeratin250ml,5,super......product...,Rs.349.00,250 ml,NA,[],['Hair Oil' 'Hair Shampoo'],['onion' 'shampoo' 'hair' 'growth' 'hair' 'fall' 'control' 'onion' 'oil' 'plant' 'keratin']
Onion Hair Serum with Onion & Biotin for Strong FrizzFree Hair ,https://mamaearth.in/product/tnonionhairserumwithonionbiotinforstrongfrizzfreehair100ml,NA,NA,Rs.299.00,100 ml,NA,[],['NA'],['onion' 'hair' 'serum' 'onion' 'biotin' 'strong' 'frizz' 'free' 'hair']
Onion Hair Mask For Hair Fall Control With Onion Oil and Organic Bamboo Vinegar,https://mamaearth.in/product/tnonionhairmaskforhairfallcontrolwithonionoilorganicbamboovinegar200ml,4.8,The skin plump serum for glowing skin is a boon for my skin. Makes my skin feel smooth and over time I have started noticing that my skinâ€™s texture has become so good.,Rs.599.00, 200ml,NA,[],['Hair Oil'],['onion' 'hair' 'mask' 'hair' 'fall' 'control' 'onion' 'oil' 'organic' 'bamboo' 'vinegar']
Onion Conditioner for Hair Growth and Hair Fall Control with Onion and Coconut,https://mamaearth.in/product/tnmamaearthonionconditionerforhairgrowthhairfallcontrolwithonioncoconut250ml,4.9,Simply superb product... no itching n dryness n dandruff... scalp healed n got healthy over time.. loved it,Rs.349.00, 250ml,NA,[],['NA'],['onion' 'conditioner' 'hair' 'growth' 'hair' 'fall' 'control' 'onion' 'coconut']
Hairfall Control Kit,https://mamaearth.in/product/tnhairfallcontrolkit,NA,NA,Rs.999.00,NA,(28% off),['à®†à®©à®¿à®¯à®©à¯ à®šà¯€à®Ÿà¯ à®†à®¯à®¿à®²à¯ ' 'à®†à®©à®¿à®¯à®©à¯ à®šà¯€à®Ÿà¯ à®†à®¯à®¿à®²à¯ ' 'à®†à®©à®¿à®¯à®©à¯ à®šà¯€à®Ÿà¯ à®†à®¯à®¿à®²à¯ '],['Hair Kit'],['hairfall' 'control' 'kit']
Argan Conditioner with Argan & Apple Cider Vinegar for FrizzFree and Stronger Hair ,https://mamaearth.in/product/arganconditionerwitharganapplecidervinegarforfrizzfreeandstrongerhair,4.9,It really worked after first use only. Thanks!! mamaearth,Rs.349.00, 250ml,NA,['Argan Oil '],['NA'],['argan' 'conditioner' 'argan' 'apple' 'cider' 'vinegar' 'frizz' 'free' 'strong' 'hair']
Argan Shampoo with Argan & Apple Cider Vinegar for Frizzfree & Stronger Hair  ,https://mamaearth.in/product/arganshampoowitharganapplecidervinegarforfrizzfreestrongerhair,NA,NA,Rs.349.00,250 ml,NA,['Argan Oil '],['Hair Shampoo'],['argan' 'shampoo' 'argan' 'apple' 'cider' 'vinegar' 'frizz' 'free' 'strong' 'hair']
Onion Hair Oil and Onion Hair Mask Combo,https://mamaearth.in/product/onionhairoilonionhairmask,NA,NA,Rs.998.00,NA,NA,['Onion Oil ' 'Onion Seed Oil '],['Hair Oil'],['onion' 'hair' 'oil' 'onion' 'hair' 'mask' 'combo']
Onion Hair Serum and Onion Hair Oil Combo,https://mamaearth.in/product/onionhairserumonionhairoil,NA,NA,Rs.679.00,NA,(3% off),['Onion Seed Extract ' 'Onion Seed Oil '],['Hair Oil'],['onion' 'hair' 'serum' 'onion' 'hair' 'oil' 'combo']
Onion Shampoo 400ml and Onion Conditioner 250ml Combo,https://mamaearth.in/product/onionshampoo400mlonionconditioner250ml,4.8,Really awesome.Everyone should try .,Rs.884.00,NA,(3% off),['Onion Seed Oil ' 'Onion Seed Oil '],['NA'],['onion' 'shampoo' '400ml' 'onion' 'conditioner' '250ml' 'combo']
Onion Hair Serum and Onion Hair Mask Combo,https://mamaearth.in/product/onionhairserumonionhairmask,NA,NA,Rs.874.00,NA,(3% off),['Onion Seed Extract ' 'Onion Oil '],['NA'],['onion' 'hair' 'serum' 'onion' 'hair' 'mask' 'combo']
Ubtan Face Wash and Skin Illuminate Face Serum Combo,https://mamaearth.in/product/ubtanfacewashskinilluminatefaceserum,NA,NA,Rs.824.00,NA,(3% off),['Turmeric ' 'Walnut Beads ' 'Licorice Extract ' 'Carrot Oil ' 'Vitamin C '],['Face Wash' 'Face Cream'],['ubtan' 'face' 'wash' 'skin' 'illuminate' 'face' 'serum' 'combo']
Skin Illuminate Face Serum and Bye Bye Dark Circles Combo,https://mamaearth.in/product/skinilluminatefaceserumbyebyedarkcircles,NA,The best buy online for glowing skin. Protects my skin and perfect for glowing skin. Mamaearth anti pollution face cream is my musthave.,Rs.969.00,NA,(3% off),['Vitamin C ' 'Cucumber Extract ' 'Daisy Flower Extract ' 'Peptides ' 'Hawkweed Extract '],['Face Cream'],['skin' 'illuminate' 'face' 'serum' 'bye' 'bye' 'dark' 'circles' 'combo']
Bye Bye Blemishes 30g and Bye Bye Dark Circles Combo,https://mamaearth.in/product/byebyeblemishes30gbyebyedarkcircles,NA,My daughter has very curly hairs and it was a task to comb her hair after shampoo. Finally got to know about the mamaearth detangle and ordered it. Its an amazing product and now its easy to comb her hair. Must try for curly hairs.,Rs.824.00,NA,(3% off),['Vitamin C ' 'Daisy Flower Extract ' 'Licorice Extract ' 'Mulberry Extract ' 'Cucumber Extract ' 'Daisy Flower Extract ' 'Peptides ' 'Hawkweed Extract '],['NA'],['bye' 'bye' 'blemishes' '30' 'g' 'bye' 'bye' 'dark' 'circles' 'combo']
Tea Tree Shampoo and Onion Hair Oil Combo,https://mamaearth.in/product/teatreeshampooonionhairoil,4.8,This is the best onion hair oil for hair growth out there. It works so well that I have recommended it to all my friends and family already.,Rs.724.00,NA,(3% off),['Tea Tree Oil ' 'Ginger Oil ' 'Onion Seed Oil '],['Hair Oil' 'Hair Shampoo'],['tea' 'tree' 'shampoo' 'onion' 'hair' 'oil' 'combo']
Skin Illuminate Face Serum and Bye Bye Blemishes 30g Combo,https://mamaearth.in/product/skinilluminatefaceserumbyebyeblemishes30g,NA,Even though Mamaearth neem face mask is not for dry skin i've used it and it has been easy on my skin. Very comfortable and refreshing.,Rs.999.00,NA,(5% off),['Vitamin C ' 'MULBERRY EXTRACT ' 'DAISY FLOWER ' 'GERANIUM OIL ' 'VETIVER OIL '],['Face Cream'],['skin' 'illuminate' 'face' 'serum' 'bye' 'bye' 'blemishes' '30' 'g' 'combo']
Tea Tree Face Wash and Bye Bye Blemishes 30ml Combo,https://mamaearth.in/product/teatreefacewashbyebyeblemishes30ml,NA,HIâ€™ I am Pranjul Sarma have been using Mamaearth Onion oil for a long time now and it deals with all kinds of hair problems whether it's hair fall dandruff hair thinning or anything. Earlier I used to apply onion mixed in oil but it gave results in a very long time and that's a time taking process but this hair oil has solved my problem.,Rs.679.00,NA,(2% off),['Neem ' 'Aloe Vera ' 'Tea Tree Oil ' 'MULBERRY EXTRACT ' 'DAISY FLOWER ' 'GERANIUM OIL ' 'VETIVER OIL '],['Face Wash'],['tea' 'tree' 'face' 'wash' 'bye' 'bye' 'blemishes' '30ml' 'combo']
Onion Hair Oil for Hair Regrowth & Hair Fall Control,https://mamaearth.in/product/onionhairoilforhairregrowthhairfallcontrolwithredensyl250ml,NA,NA,Rs.599.00, 250ml,NA,['Onion Seed Oil '],['Hair Oil'],['onion' 'hair' 'oil' 'hair' 'regrowth' 'hair' 'fall' 'control']
Charcoal Face Scrub For Oily Skin & Normal skin with Charcoal & Walnut for Deep Exfoliation ,https://mamaearth.in/product/charcoalfacescrubforoilyskinnormalskinwithcharcoalwalnutfordeepexfoliation100g,NA,NA,Rs.349.00,100g,NA,['Activated Charcoal ' 'Walnut '],['NA'],['charcoal' 'face' 'scrub' 'oily' 'skin' 'normal' 'skin' 'charcoal' 'walnut' 'deep' 'exfoliation']
Ubtan Face Scrub with Turmeric & Walnut for Tan Removal ,https://mamaearth.in/product/ubtanscrubforfacewithturmericwalnutfortanremoval100g,NA,NA,Rs.349.00, 100g,NA,['Turmeric '],['NA'],['ubtan' 'face' 'scrub' 'turmeric' 'walnut' 'tan' 'removal']
Vitamin C Face Toner with Vitamin C & Cucumber for Pore Tightening ,https://mamaearth.in/product/vitamincfacetonerwithvitaminccucumberforporetightening200ml,NA,NA,Rs.399.00,200 ml,NA,['Vitamin C '],['NA'],['vitamin' 'c' 'face' 'toner' 'vitamin' 'c' 'cucumber' 'pore' 'tightening']
Aloe Vera Gel with Pure Aloe Vera & Vitamin E for Skin and Hair ,https://mamaearth.in/product/aloeveragelforfacewithpurealoeveravitamineforskinandhair300ml,NA,NA,Rs.399.00, 300ml,NA,['Aloe Vera ' 'For Skin ' 'For Hair '],['Body Kit'],['aloe' 'vera' 'gel' 'pure' 'aloe' 'vera' 'vitamin' 'e' 'skin' 'hair']
Onion Hair Serum with Onion & Biotin for Strong FrizzFree Hair ,https://mamaearth.in/product/onionhairserumwithonionbiotinforstrongfrizzfreehair100ml,NA,NA,Rs.299.00,100 ml,NA,['Onion Seed Extract '],['NA'],['onion' 'hair' 'serum' 'onion' 'biotin' 'strong' 'frizz' 'free' 'hair']
Skin Correct Face Serum with Niacinamide and Ginger Extract for Acne Marks & Scars â€“,https://mamaearth.in/product/skincorrectfaceserumwithniacinamideandgingerextractforacnemarksscars30ml,NA,NA,Rs.599.00, 30 ml,NA,['Niacinamide '],['Face Cream'],['skin' 'correct' 'face' 'serum' 'niacinamide' 'ginger' 'extract' 'acne' 'marks' 'scars']
Tea Tree Face Wash and Charcoal Face Wash Combo,https://mamaearth.in/product/teatreefacewashcharcoalfacewash,NA,NA,Rs.489.00,NA,(2% off),['Neem ' 'Aloe Vera ' 'Tea Tree Oil ' 'Charcoal ' 'Clay ' 'Coffee '],['Face Wash'],['tea' 'tree' 'face' 'wash' 'charcoal' 'face' 'wash' 'combo']
Day and Night Face Wash Combo,https://mamaearth.in/product/ubtanfacewashteatreefacewashpackof2,NA,NA,Rs.489.00,NA,(2% off),['Neem '],['Face Wash'],['day' 'night' 'face' 'wash' 'combo']
Ubtan Facewash for tan removal Pack Of ,https://mamaearth.in/product/ubtanfacewashfortanremovalpackof2,NA,NA,Rs.489.00,NA,(2% off),['Turmeric ' 'Walnut Beads ' 'Licorice Extract ' 'Carrot Oil '],['Face Wash'],['ubtan' 'facewash' 'tan' 'removal' 'pack']
Tea Tree Facewash for acne and pimples Pack Of ,https://mamaearth.in/product/teatreefacewashforacneandpimplespackof2,NA,NA,Rs.489.00,NA,(2% off),['Neem ' 'Aloe Vera ' 'Tea Tree Oil '],['Face Wash'],['tea' 'tree' 'facewash' 'acne' 'pimple' 'pack']
Charcoal Facewash for oil control PacPack Of 2 D _ds_,https://mamaearth.in/product/charcoalfacewashforoilcontrolpackof2,NA,NA,Rs.489.00,NA,(2% off),['Charcoal ' 'Clay ' 'Coffee '],['Face Wash'],['charcoal' 'facewash' 'oil' 'control' 'pack' '2' 'd' 'ds']
Skin Illuminate Face Serum for Radiant Skin with Vitamin C & Turmeric â€“,https://mamaearth.in/product/skinilluminatefaceserumforradiantskinwithvitamincturmeric30gm,NA,NA,Rs.599.00, 30 gm,NA,['Vitamin C '],['Face Cream'],['skin' 'illuminate' 'face' 'serum' 'radiant' 'skin' 'vitamin' 'c' 'turmeric']
Bye Bye Dark Circles Eye Cream with Cucumber & Peptides for Dark Circles ,https://mamaearth.in/product/byebyedarkcircleseyecreamwithcucumberpeptidesfordarkcircles20ml,NA,NA,Rs.399.00,20ml,NA,['Cucumber Extract ' 'Daisy Flower Extract ' 'Peptides ' 'Hawkweed Extract '],['NA'],['bye' 'bye' 'dark' 'circles' 'eye' 'cream' 'cucumber' 'peptides' 'dark' 'circles']
Hair Fall Control Regime Combo: Onion Shampoo 250ml and Onion Hair Mask,https://mamaearth.in/product/onionmaskshampoocombo,NA,NA,Rs.924.00, 200ml,(3% off),['Onion Oil ' 'Hair Mask ' 'Shampoo ' 'Those struggling with hair fall' 'Men & women of all ages.'],['Hair Shampoo'],['hair' 'fall' 'control' 'regime' 'combo' 'onion' 'shampoo' '250ml' 'onion' 'hair' 'mask']
Onion Shampoo for Hair Growth and Hair Fall Control with Onion Oil and Plant Keratin,https://mamaearth.in/product/onionshampooforhairgrowthandhairfallcontrolwithonionoilandplantkeratin400ml,5,I have seen a change in my skin..it's glowing and clean..use it twice or thrice a day whenever I get time to wash my face. Started using it on my hair too..will definitely post how it's working,Rs.559.00, 400ml,NA,['Onion Seed Oil '],['Hair Oil' 'Hair Shampoo'],['onion' 'shampoo' 'hair' 'growth' 'hair' 'fall' 'control' 'onion' 'oil' 'plant' 'keratin']
Onion Conditioner for Hair Growth and Hair Fall Control with Onion and Coconut,https://mamaearth.in/product/onionconditionerforhairgrowthandhairfallcontrolwithonionandcoconut400ml,NA,NA,Rs.559.00, 400ml,NA,['Onion Seed Oil ' 'Coconut ' 'Men & women of all ages.'],['NA'],['onion' 'conditioner' 'hair' 'growth' 'hair' 'fall' 'control' 'onion' 'coconut']
Skin Plump Serum For Face Glow with Hyaluronic Acid & Rosehip Oil for Ageless Skin ,https://mamaearth.in/product/skinplumpserumforfaceglowwithhyaluronicacidrosehipoilforagelessskin30ml,NA,NA,Rs.599.00, 30ml,NA,['Hyaluronic Acid '],['Face Cream'],['skin' 'plump' 'serum' 'face' 'glow' 'hyaluronic' 'acid' 'rosehip' 'oil' 'ageless' 'skin']
Tea Tree AntiDandruff Hair Regime Kit,https://mamaearth.in/product/teatreeantidandruffhairkit,5,I just love Mamaearth's aloe turmeric gel. Its a unique combination which very few brands having and these both ingredients works well on skin. Very thin hence easily merged in skin so well. Nice product.,Rs.999.00,NA,(23% off),['Tea Tree Oil ' 'Agaan Oil '],['Hair Kit'],['tea' 'tree' 'anti' 'dandruff' 'hair' 'regime' 'kit']
Tea Tree Shampoo for Dandruff Free Hair ,https://mamaearth.in/product/teatreeshampoofordandrufffreehair250ml,4.5,Very gentle fragrance. good product for little ones,Rs.349.00, 250ml,NA,['Tea Tree Oil ' 'Ginger Oil '],['Hair Shampoo'],['tea' 'tree' 'shampoo' 'dandruff' 'free' 'hair']
CoCo Body Butter for Dry Skin with Coffee & Cocoa for Deep Moisturization,https://mamaearth.in/product/mamaearthcocobodybutterfordryskinwithcoffeecocoafordeepmoisturization200g,5,Mamaearth body mist for babies is an awesome product....i gifted to my brother's daughter n they r really happy by this product...it keeps baby fresh all day ..mild fragrance......chemical free n natural....,Rs.599.00, 200g,NA,['Theobroma Cocoa Seed Butter '],['Body Kit'],['coco' 'body' 'butter' 'dry' 'skin' 'coffee' 'cocoa' 'deep' 'moisturization']
Ubtan Body Butter For Dry Skin With Turmeric & Honey For Deep Nourishment ,https://mamaearth.in/product/mamaearthubtanbodybutterfordryskinwithturmerichoneyfordeepnourishment200g,5,It's awesome product really kind of magical result.,Rs.599.00,200g,NA,['Turmeric ' 'Honey '],['Body Kit'],['ubtan' 'body' 'butter' 'dry' 'skin' 'turmeric' 'honey' 'deep' 'nourishment']
Wedding Glow Skincare Kit,https://mamaearth.in/product/weddingglowskincarekit,NA,NA,Rs.999.00,NA,(26% off),[],['Body Kit'],['wedding' 'glow' 'skincare' 'kit']
Neem Face Mask with Neem and Tea Tree for Pimples and Zits ,https://mamaearth.in/product/neemfacemaskwithneemteatreeforpimpleszits100ml,NA,NA,Rs.499.00,100 ml,NA,['Neem Oil '],['Face Mask'],['neem' 'face' 'mask' 'neem' 'tea' 'tree' 'pimples' 'zit']
AntiPollution Daily Face Cream for Dry and Oily Skin with Turmeric and PollustopÂ® For a Bright Glowing Skin ,https://mamaearth.in/product/antipollutiondailyfacecreamfordryoilyskinwithturmericpollustopforabrightglowingskin80ml,NA,NA,Rs.349.00, 80ml,NA,['Turmeric ' 'PollustopÂ® '],['NA'],['anti' 'pollution' 'daily' 'face' 'cream' 'dry' 'oily' 'skin' 'turmeric' 'pollustop' 'Â®' 'bright' 'glowing' 'skin']
Onion Conditioner for Hair Growth and Hair Fall Control with Onion and Coconut,https://mamaearth.in/product/mamaearthonionconditionerforhairgrowthhairfallcontrolwithonioncoconut250ml,NA,NA,Rs.349.00, 250ml,NA,['Onion Seed Oil '],['NA'],['onion' 'conditioner' 'hair' 'growth' 'hair' 'fall' 'control' 'onion' 'coconut']
Onion Shampoo for Hair Growth and Hair Fall Control with Onion Oil and Plant Keratin ,https://mamaearth.in/product/mamaearthonionshampooforhairgrowthhairfallcontrolwithonionoilplantkeratin250ml,5,Awesome product â¤ï¸,Rs.349.00,250 ml,NA,['Onion Seed Oil '],['Hair Oil' 'Hair Shampoo'],['onion' 'shampoo' 'hair' 'growth' 'hair' 'fall' 'control' 'onion' 'oil' 'plant' 'keratin']
Onion Hair Oil for Hair Regrowth and Hair Fall Control with Redensyl,https://mamaearth.in/product/onionhairoilforhairregrowthhairfallcontrolwithredensyl150ml,4.8,Mamaearth oil free face moisturizer is too chemical free and best for skin.,Rs.399.00, 150ml,NA,['Onion Seed Oil '],['Hair Oil'],['onion' 'hair' 'oil' 'hair' 'regrowth' 'hair' 'fall' 'control' 'redensyl']
Mamaearth Epsom Bath Salt for Relaxation and Pain Relief  ,https://mamaearth.in/product/buyepsomsaltonline,5,My son loves this toothpaste because of the flavor and fun packaging! Highly recommed to parents!,Rs.399.00,200 gm,NA,['Magnesium ' 'Detoxifying Sulphates ' 'Lavender Oil '],['NA'],['mamaearth' 'epsom' 'bath' 'salt' 'relaxation' 'pain' 'relief']
Onion Hair Mask For Hair Fall Control With Onion Oil and Organic Bamboo Vinegar,https://mamaearth.in/product/onionhairmaskforhairfallcontrolwithonionoilorganicbamboovinegar200ml,5,This toothpaste is really awesome. My daughter just loves using it. Best part is that it is made with 100% natural ingredients and toxin free. Overall very good product,Rs.599.00, 200ml,NA,['Onion Oil '],['Hair Oil'],['onion' 'hair' 'mask' 'hair' 'fall' 'control' 'onion' 'oil' 'organic' 'bamboo' 'vinegar']
Tea Tree Conditioner with Tea Tree & Ginger Oil for Dandruff Free Hair,https://mamaearth.in/product/mamaearthteatreeconditionerwithteatreegingeroilfordandrufffreehair250ml,5,Mamaearth berry blast toothpaste...a big thumbs up...my son like it's taste ..it is made up of 100% natural ingredients and free from fluoride .as it is made up of natural ingredients and no harmful chemicals it safe if kid swallow it..it's a good toothpaste for kids...highly recommended,Rs.349.00, 250ml,NA,['Tea Tree Oil '],['Hair Oil'],['tea' 'tree' 'conditioner' 'tea' 'tree' 'ginger' 'oil' 'dandruff' 'free' 'hair']
Hair Fall Control Kit,https://mamaearth.in/product/hairfallcontrolkit,5,Excellent product. My daughter loves it quite well and the state of her teeth has visibly improved since we started to use this toothpaste.,Rs.999.00,NA,(28% off),[],['Hair Kit'],['hair' 'fall' 'control' 'kit']
Bye Bye Blemishes Face Cream for Reducing Pigmentation & Blemishes with Mulberry Extract & Vitamin C ,https://mamaearth.in/product/byebyeblemishesfacecreamforpigmentationblemishremovalwithmulberryextractvitaminc30ml,NA,NA,Rs.449.00,30ml,NA,['Vitamin C ' 'Daisy Flower Extract ' 'Licorice Extract ' 'Mulberry Extract '],['NA'],['bye' 'bye' 'blemishes' 'face' 'cream' 'reduce' 'pigmentation' 'blemishes' 'mulberry' 'extract' 'vitamin' 'c']
Castor Oil for Healthier Skin Hair and Nails with 100% Pure and Natural ColdPressed Oil,https://mamaearth.in/product/100purenaturalcoldpressedcastoroilforhealthierskinhairnails150ml,5,Mamaearth bamboo wipes cleans and soothes the skin with vitamin E shea butter and aloe vera! Itâ€™s the best buy for your child!,Rs.299.00, 150ml,NA,['Castor Oil ' 'For Hair ' 'For Skin ' 'For Nails '],['Hair Oil' 'Body Kit'],['castor' 'oil' 'healthier' 'skin' 'hair' 'nails' '100' 'pure' 'natural' 'cold' 'press' 'oil']
Hair Regrowth Combo : Onion Shampoo and Onion Conditioner,https://mamaearth.in/product/hairregrowthcomboonionshampooonionconditioner,5,Berry flavoured blast that the kids just love! And the best part is that its perfectly fine if they swallow it too! Made with 100% safe ingredients this should be the toothpaste you should introduce your kids to!,Rs.679.00, 250ml,(3% off),['Onion Seed Oil '],['Hair Shampoo'],['hair' 'regrowth' 'combo' 'onion' 'shampoo' 'onion' 'conditioner']
Revitalizing Turmeric Kits,https://mamaearth.in/product/revitalizingturmerickit,5,It is very good. Used earlier many brands but it tops my list. So mild fragrance n so soft on baby skin.. No alcohol n paraben.. Love its natural integrated,Rs.1299.00,NA,(27% off),['Aloe Vera '],['NA'],['revitalize' 'turmeric' 'kits']
Aloe Turmeric Gel for Skin & Hair 300ml (Saver Pack get 20% extra),https://mamaearth.in/product/aloeturmericgelforskinhair300ml,5,It's really a good kit for new born.. bought it for my friends baby,Rs.399.00,NA,NA,[],['Body Kit'],['aloe' 'turmeric' 'gel' 'skin' 'hair' '300ml' 'saver' 'pack' '20' 'extra']
Aloe Turmeric Gel for Skin & Hair,https://mamaearth.in/product/aloeturmericgelforskinhair150ml,4.8,It's really effective and good.,Rs.249.00, 150ml,NA,[],['Body Kit'],['aloe' 'turmeric' 'gel' 'skin' 'hair']
Anti Acne Combo: Oil Free Moisturizer and Ultra Light Indian Sunscreen,https://mamaearth.in/product/antiacnecombooilfreemoisturizerultralightindiansunscreen,NA,The conditioner is wow,Rs.774.00, 80ml,(3% off),['Turmeric '],['NA'],['anti' 'acne' 'combo' 'oil' 'free' 'moisturizer' 'ultra' 'light' 'indian' 'sunscreen']
OilFree Face Moisturizer for AcneProne Skin,https://mamaearth.in/product/oilfreefacemoisturizerwithapplecidervinegarforacneproneskin,5,I m writing this review after few useges and I m absolutely in love with it ..it made my my hair look so volumeness and long which is not often in normal circumstances.frizzyness will be further reduced after few usages.so you need to be patient in that.it is a very safe products for you hair and scalp and you must own it..,Rs.299.00, 80ml,NA,['Apple Cider Vinegar ' 'Cetearyl Octanoate ' 'Betaine ' 'Fatty Acids '],['NA'],['oil' 'free' 'face' 'moisturizer' 'acne' 'prone' 'skin']
Ultra Light Indian Sunscreen with Carrot Seed Turmeric & SPF 50 PA+++ ,https://mamaearth.in/product/mamaearthsultralightindiansunscreen,5,I love this roll on and It's a mist have for all moms. This helps in easy breathings especially when kids get troubled while they sleep. It's safe so I recommend to all. Easy to use and a wonderful product.,Rs.499.00, 80ml,NA,['Carrot Seed Oil '],['NA'],['ultra' 'light' 'indian' 'sunscreen' 'carrot' 'seed' 'turmeric' 'spf' '50' 'pa+++']
Sun Protection Combo : Sunscreen 80ml and Ubtan Facewash,https://mamaearth.in/product/sunprotectioncombosunscreenubtanfacewash,NA,NA,Rs.724.00, 100ml,(3% off),['Saffron ' 'Turmeric ' 'Indian Skin The combo helps in removing tan from the upper layer of Indian skin.' 'All Skin Types They are suitable for all skin types.' 'Men and WomenThe combo is suitable for both men and women.'],['Face Wash'],['sun' 'protection' 'combo' 'sunscreen' '80ml' 'ubtan' 'facewash']
Skin Lightening & Brightening Combo : Ubtan Facemask and Ubtan Facewash,https://mamaearth.in/product/mamaearthcombosskinlighteningandbrighteningcombo,NA,NA,Rs.724.00, 100ml,(3% off),['Saffron ' 'Turmeric ' 'Tanned Skin The combo helps in removing tan from upper layer of skin.' 'All Skin Types They are suitable for all skin types.' 'Men and WomenThe combo is suitable for both men and women.'],['Face Wash' 'Face Mask'],['skin' 'lightening' 'brightening' 'combo' 'ubtan' 'facemask' 'ubtan' 'facewash']
Charcoal Secrets Combo: C3 Face Mask and Charcoal Facewash,https://mamaearth.in/product/charcoalsecretsc3facemaskcharcoalfacewash,5,Best product,Rs.799.00, 100ml,(6% off),['Charcoal ' 'Coffee ' 'Kaolin Clay '],['Face Wash' 'Face Mask'],['charcoal' 'secrets' 'combo' 'c3' 'face' 'mask' 'charcoal' 'facewash']
Ubtan Face Mask with Saffron & Turmeric for Skin Brightening and Tan Removal ,https://mamaearth.in/product/ubtanfacemaskforskinlighteningbrightening,NA,NA,Rs.499.00, 100g,NA,['Saffron '],['Face Mask'],['ubtan' 'face' 'mask' 'saffron' 'turmeric' 'skin' 'brightening' 'tan' 'removal']
Healthy Hair Combo : Shampoo and Conditioner,https://mamaearth.in/product/happyheadsshampoonomoretanglesconditionertwinpack,5,Very smooth and light on skin and provides long lasting hydration. It is also very cooling which i like during summer time. Nimmi,Rs.679.00, 200ml,(3% off),[],['Hair Shampoo'],['healthy' 'hair' 'combo' 'shampoo' 'conditioner']
Tea Tree Anti Dandruff Hair Mask,https://mamaearth.in/product/mamaearthteatreeantidandruffhairmask,5,Really awesome and amazing product..must buyit literallyworks on very dry and chapped lips,Rs.599.00, 200ml,NA,['Tea Tree Oil '],['NA'],['tea' 'tree' 'anti' 'dandruff' 'hair' 'mask']
Natural Radiance Day Cream,https://mamaearth.in/product/mamaearthnaturalradiancedaycream,4.8,It's a great product from mamaearth I can say. It has Mamaearth charcoal face wash. The fragrance is best...Cleanse my face nicely.. overall worth buying.,Rs.599.00, 50ml,NA,['Pomegranate Oil ' 'All skin type The cream is suitable for all skin type.' 'Sun Protection The cream can be used by anyone looking for protection from sun exposure.'],['NA'],['natural' 'radiance' 'day' 'cream']
Ubtan Face Wash for Tan Removal,https://mamaearth.in/product/ubtanfacewash,5,I am using the all of products of mamaearth...lotion is verry good moisturizer and its smel so nyc...I m using this product my new born baby and also my 10 yrs old boy...too good,Rs.249.00, 100ml,NA,['Turmeric ' 'Walnut Beads ' 'Licorice Extract ' 'Carrot Oil '],['Face Wash'],['ubtan' 'face' 'wash' 'tan' 'removal']
Tea Tree Facewash for acne & pimples,https://mamaearth.in/product/teatreefacewash,4.8,For baby skin that constantly flaked and dry this is a lifesaver. Love it.,Rs.249.00, 100ml,NA,['Neem ' 'Aloe Vera ' 'Tea Tree Oil '],['Face Wash'],['tea' 'tree' 'facewash' 'acne' 'pimple']
Charcoal Facewash for oil control,https://mamaearth.in/product/bestcharcoalfacewash,5,Nice product,Rs.249.00, 100ml,NA,['Charcoal ' 'Clay ' 'Coffee '],['Face Wash'],['charcoal' 'facewash' 'oil' 'control']
Anti Hair Fall Kit for complete hair care,https://mamaearth.in/product/antihairfallkit,4.8,With changing weather I tend to get itchy and dry scalp with leads to dandruff. Mamaearth happy heads shampoo is great for controlling it.,Rs.1199.00,NA,(25% off),['Bhringraj Oil ' 'Biotin ' 'All hair type  The kit is suitable for all hair type'],['Hair Kit'],['anti' 'hair' 'fall' 'kit' 'complete' 'hair' 'care']
ProGrowth Hair Tonic for better hair growth,https://mamaearth.in/product/buyhairgrowthtonic,4.8,I have been using this kit for more than 1 month and so far I have seen some visible result it definitely reduced my hair fall and I can see few new hair on my scalp it's a must use product for anyone losing hair and wants to grow it back. Thank you mama earth,Rs.499.00, 100ml,NA,['Korean Red Ginseng '],['NA'],['pro' 'growth' 'hair' 'tonic' 'well' 'hair' 'growth']
Root Restore Hair Oil for hair fall reduction,https://mamaearth.in/product/buynaturalhairoil,NA,NA,Rs.399.00, 100ml,NA,['Bhringraj Oil '],['Hair Oil'],['root' 'restore' 'hair' 'oil' 'hair' 'fall' 'reduction']
Happy Heads Shampoo for healthy & stronger hair,https://mamaearth.in/product/buyorganicshampooonline,4.9,Recently I started to take green tea... One of my friend recommend me Mamaearth green tea.. Really amazing.. Just sit back and relax with organic tea...,Rs.349.00, 200ml,NA,['Biotin ' 'Horse Chestnut ' 'Amla Extract ' 'All hair type The shampoo is suitable for all hair type.'],['Hair Shampoo'],['happy' 'heads' 'shampoo' 'healthy' 'strong' 'hair']
No More Tangles Conditioner for fizz free hair,https://mamaearth.in/product/buyhairconditioneronline,NA,NA,Rs.349.00, 200ml,NA,['Cocoa Butter ' 'Shea Butter ' 'Amla Extract ' 'All hair type The Conditioner is suitable for all hair type'],['NA'],['tangles' 'conditioner' 'fizz' 'free' 'hair']
Stretch Marks Cream,https://mamaearth.in/product/stretchmarksremovalcream,4.8,this is nice product,Rs.500.00, 100ml,NA,['Milk Protein ' 'Pregnant women'],['NA'],['stretch' 'marks' 'cream']
Nipple Butter Cream for sore & cracked nipples,https://mamaearth.in/product/naturalnipcarecream,5,Very nice and useful product for those who have dry skin. It nourishes the skin and keep it hydrated throughout the day. Must try,Rs.500.00, 50ml,NA,['Coconut Oil ' 'Shea Butter ' 'Calendula Extract ' 'Lactating Mothers'],['NA'],['nipple' 'butter' 'cream' 'sore' 'cracked' 'nipple']
Mamaearth Under Eye CrÃ¨me with Cucumber & Caffeine for Dark Circles ,https://mamaearth.in/product/eyedarkcircleremoval,4.8,Mamaearth onion hair mask is an awesome product it makes my hair look so good and has helped me reduce hair fall..worth buying product,Rs.599.00, 50ml,NA,['Cucumber Extract '],['NA'],['mamaearth' 'eye' 'crÃ¨me' 'cucumber' 'caffeine' 'dark' 'circles']
Argan Hair Mask with Argan Avocado Oil and Milk Protein for Frizzfree & Stronger Hair â€“,https://mamaearth.in/product/arganhairmask,4.8,It is the best charcoal face mask i have ever used. The best product by far for acne and dry skin. It really helped my skinnto glow naturally,Rs.599.00, 200ml,NA,['Argan Oil '],['Hair Oil'],['argan' 'hair' 'mask' 'argan' 'avocado' 'oil' 'milk' 'protein' 'frizz' 'free' 'strong' 'hair']
C3 Face Mask for healthy & glowing skin,https://mamaearth.in/product/buycharcoalfacemask,5,Mamaearth body wash for baby is just wow...it has very nice fragnance it is very gentlee and effective ....it cleans every effectively.. it didn't dry out the baby skin.. it is very mild and the most imp thing that is made up of all natural ingredients no harsh and toxin chemicals which we all want...it is clinically and Dermatologically tested safe for babies..highly recommend ...,Rs.599.00, 100ml,NA,['Charcoal ' 'Coffee ' 'Kaolin Clay ' 'Acne Prone ' 'Every Skin Type ' 'Men and Women '],['Face Mask'],['c3' 'face' 'mask' 'healthy' 'glow' 'skin']
Ubtan Body Wash With Turmeric & Saffron for Glowing Skin Pac,https://mamaearth.in/product/ubtanbodywashwithturmericsaffronforglowingskinpackof2,NA,NA,Rs.598.00,Pack Of 2,NA,['Turmeric'],['Body Wash'],['ubtan' 'body' 'wash' 'turmeric' 'saffron' 'glowing' 'skin' 'pac']
Vitamin C Bamboo Sheet Mask with Vitamin C & Honey for Skin Illumination ,https://mamaearth.in/product/vitamincbamboosheetmaskwithvitaminchoneyforskinillumination25g,5,Really Amazing Product Worth it Must try!,Rs.149.00, 25 g,NA,['Vitamin C'],['NA'],['vitamin' 'c' 'bamboo' 'sheet' 'mask' 'vitamin' 'c' 'honey' 'skin' 'illumination']
Hydrating Natural Body Lotion with Cucumber & Aloe Vera for Normal Skin ,https://mamaearth.in/product/bodylotionfornormalskin,5,I am so happy to skip the big brand names and choose Mamaearth after shave lotion. I will definitely buy again.,Rs.299.00, 250ml,NA,['Cucumber '],['Body Lotion'],['hydrate' 'natural' 'body' 'lotion' 'cucumber' 'aloe' 'vera' 'normal' 'skin']
